n,j,u[n][j],exact,error
0,0,0.000000,0.000000,0.000000
0,1,0.309017,0.309017,0.000000
0,2,0.587785,0.587785,0.000000
0,3,0.809017,0.809017,0.000000
0,4,0.951057,0.951057,0.000000
0,5,1.000000,1.000000,0.000000
0,6,0.951057,0.951057,0.000000
0,7,0.809017,0.809017,0.000000
0,8,0.587785,0.587785,0.000000
0,9,0.309017,0.309017,0.000000
0,10,0.000000,0.000000,0.000000
1,0,0.000000,0.000000,0.000000
1,1,0.297150,0.297055,0.031858
1,2,0.565213,0.565032,0.031858
1,3,0.777948,0.777701,0.031858
1,4,0.914533,0.914242,0.031858
1,5,0.961597,0.961291,0.031858
1,6,0.914533,0.914242,0.031858
1,7,0.777948,0.777701,0.031858
1,8,0.565213,0.565032,0.031858
1,9,0.297150,0.297055,0.031858
1,10,0.000000,0.000000,0.000000
2,0,0.000000,0.000000,0.000000
2,1,0.285738,0.285556,0.063705
2,2,0.543507,0.543160,0.063705
2,3,0.748073,0.747596,0.063705
2,4,0.879412,0.878852,0.063705
2,5,0.924669,0.924080,0.063705
2,6,0.879412,0.878852,0.063705
2,7,0.748073,0.747596,0.063705
2,8,0.543507,0.543160,0.063705
2,9,0.285738,0.285556,0.063705
2,10,0.000000,0.000000,0.000000
3,0,0.000000,0.000000,0.000000
3,1,0.274765,0.274503,0.095542
3,2,0.522634,0.522135,0.095542
3,3,0.719345,0.718657,0.095542
3,4,0.845640,0.844832,0.095542
3,5,0.889159,0.888309,0.095542
3,6,0.845640,0.844832,0.095542
3,7,0.719345,0.718657,0.095542
3,8,0.522634,0.522135,0.095542
3,9,0.274765,0.274503,0.095542
3,10,0.000000,0.000000,0.000000
4,0,0.000000,0.000000,0.000000
4,1,0.264213,0.263877,0.127370
4,2,0.502564,0.501924,0.127370
4,3,0.691720,0.690839,0.127370
4,4,0.813165,0.812130,0.127370
4,5,0.855013,0.853923,0.127370
4,6,0.813165,0.812130,0.127370
4,7,0.691720,0.690839,0.127370
4,8,0.502564,0.501924,0.127370
4,9,0.264213,0.263877,0.127370
4,10,0.000000,0.000000,0.000000
5,0,0.000000,0.000000,0.000000
5,1,0.254067,0.253662,0.159187
5,2,0.483264,0.482495,0.159187
5,3,0.665156,0.664097,0.159187
5,4,0.781937,0.780693,0.159187
5,5,0.822178,0.820869,0.159187
5,6,0.781937,0.780693,0.159187
5,7,0.665156,0.664097,0.159187
5,8,0.483264,0.482495,0.159187
5,9,0.254067,0.253662,0.159187
5,10,0.000000,0.000000,0.000000
6,0,0.000000,0.000000,0.000000
6,1,0.244310,0.243843,0.190994
6,2,0.464705,0.463818,0.190994
6,3,0.639612,0.638390,0.190994
6,4,0.751909,0.750472,0.190994
6,5,0.790603,0.789093,0.190994
6,6,0.751909,0.750472,0.190994
6,7,0.639612,0.638390,0.190994
6,8,0.464705,0.463818,0.190994
6,9,0.244310,0.243843,0.190994
6,10,0.000000,0.000000,0.000000
7,0,0.000000,0.000000,0.000000
7,1,0.234928,0.234404,0.222790
7,2,0.446859,0.445863,0.222790
7,3,0.615049,0.613678,0.222790
7,4,0.723033,0.721422,0.222790
7,5,0.760242,0.758548,0.222790
7,6,0.723033,0.721422,0.222790
7,7,0.615049,0.613678,0.222790
7,8,0.446859,0.445863,0.222790
7,9,0.234928,0.234404,0.222790
7,10,0.000000,0.000000,0.000000
8,0,0.000000,0.000000,0.000000
8,1,0.225906,0.225331,0.254577
8,2,0.429698,0.428604,0.254577
8,3,0.591429,0.589923,0.254577
8,4,0.695266,0.693496,0.254577
8,5,0.731046,0.729185,0.254577
8,6,0.695266,0.693496,0.254577
8,7,0.591429,0.589923,0.254577
8,8,0.429698,0.428604,0.254577
8,9,0.225906,0.225331,0.254577
8,10,0.000000,0.000000,0.000000
9,0,0.000000,0.000000,0.000000
9,1,0.217230,0.216608,0.286354
9,2,0.413197,0.412013,0.286354
9,3,0.568716,0.567088,0.286354
9,4,0.668566,0.666652,0.286354
9,5,0.702972,0.700959,0.286354
9,6,0.668566,0.666652,0.286354
9,7,0.568716,0.567088,0.286354
9,8,0.413197,0.412013,0.286354
9,9,0.217230,0.216608,0.286354
9,10,0.000000,0.000000,0.000000
10,0,0.000000,0.000000,0.000000
10,1,0.208888,0.208224,0.318120
10,2,0.397329,0.396065,0.318120
10,3,0.546876,0.545136,0.318120
10,4,0.642891,0.640846,0.318120
10,5,0.675976,0.673825,0.318120
10,6,0.642891,0.640846,0.318120
10,7,0.546876,0.545136,0.318120
10,8,0.397329,0.396065,0.318120
10,9,0.208888,0.208224,0.318120
10,10,0.000000,0.000000,0.000000
11,0,0.000000,0.000000,0.000000
11,1,0.200866,0.200163,0.349876
11,2,0.382070,0.380733,0.349876
11,3,0.525874,0.524034,0.349876
11,4,0.618202,0.616039,0.349876
11,5,0.650016,0.647742,0.349876
11,6,0.618202,0.616039,0.349876
11,7,0.525874,0.524034,0.349876
11,8,0.382070,0.380733,0.349876
11,9,0.200866,0.200163,0.349876
11,10,0.000000,0.000000,0.000000
12,0,0.000000,0.000000,0.000000
12,1,0.193152,0.192415,0.381623
12,2,0.367397,0.365995,0.381623
12,3,0.505679,0.503749,0.381623
12,4,0.594462,0.592193,0.381623
12,5,0.625054,0.622668,0.381623
12,6,0.594462,0.592193,0.381623
12,7,0.505679,0.503749,0.381623
12,8,0.367397,0.365995,0.381623
12,9,0.193152,0.192415,0.381623
12,10,0.000000,0.000000,0.000000
13,0,0.000000,0.000000,0.000000
13,1,0.185735,0.184967,0.413359
13,2,0.353288,0.351828,0.413359
13,3,0.486260,0.484250,0.413359
13,4,0.571632,0.569270,0.413359
13,5,0.601050,0.598565,0.413359
13,6,0.571632,0.569270,0.413359
13,7,0.486260,0.484250,0.413359
13,8,0.353288,0.351828,0.413359
13,9,0.185735,0.184967,0.413359
13,10,0.000000,0.000000,0.000000
14,0,0.000000,0.000000,0.000000
14,1,0.178602,0.177807,0.445085
14,2,0.339721,0.338209,0.445085
14,3,0.467586,0.465505,0.445085
14,4,0.549680,0.547234,0.445085
14,5,0.577968,0.575395,0.445085
14,6,0.549680,0.547234,0.445085
14,7,0.467586,0.465505,0.445085
14,8,0.339721,0.338209,0.445085
14,9,0.178602,0.177807,0.445085
14,10,0.000000,0.000000,0.000000
15,0,0.000000,0.000000,0.000000
15,1,0.171743,0.170924,0.476800
15,2,0.326675,0.325117,0.476800
15,3,0.449629,0.447485,0.476800
15,4,0.528571,0.526051,0.476800
15,5,0.555772,0.553122,0.476800
15,6,0.528571,0.526051,0.476800
15,7,0.449629,0.447485,0.476800
15,8,0.326675,0.325117,0.476800
15,9,0.171743,0.170924,0.476800
15,10,0.000000,0.000000,0.000000
16,0,0.000000,0.000000,0.000000
16,1,0.165148,0.164308,0.508506
16,2,0.314129,0.312532,0.508506
16,3,0.432362,0.430163,0.508506
16,4,0.508272,0.505687,0.508506
16,5,0.534429,0.531711,0.508506
16,6,0.508272,0.505687,0.508506
16,7,0.432362,0.430163,0.508506
16,8,0.314129,0.312532,0.508506
16,9,0.165148,0.164308,0.508506
16,10,0.000000,0.000000,0.000000
17,0,0.000000,0.000000,0.000000
17,1,0.158805,0.157948,0.540202
17,2,0.302066,0.300434,0.540202
17,3,0.415758,0.413512,0.540202
17,4,0.488753,0.486113,0.540202
17,5,0.513905,0.511129,0.540202
17,6,0.488753,0.486113,0.540202
17,7,0.415758,0.413512,0.540202
17,8,0.302066,0.300434,0.540202
17,9,0.158805,0.157948,0.540202
17,10,0.000000,0.000000,0.000000
18,0,0.000000,0.000000,0.000000
18,1,0.152707,0.151834,0.571887
18,2,0.290466,0.288805,0.571887
18,3,0.399792,0.397505,0.571887
18,4,0.469983,0.467296,0.571887
18,5,0.494170,0.491344,0.571887
18,6,0.469983,0.467296,0.571887
18,7,0.399792,0.397505,0.571887
18,8,0.290466,0.288805,0.571887
18,9,0.152707,0.151834,0.571887
18,10,0.000000,0.000000,0.000000
19,0,0.000000,0.000000,0.000000
19,1,0.146842,0.145956,0.603563
19,2,0.279311,0.277625,0.603563
19,3,0.384439,0.382118,0.603563
19,4,0.451935,0.449207,0.603563
19,5,0.475192,0.472324,0.603563
19,6,0.451935,0.449207,0.603563
19,7,0.384439,0.382118,0.603563
19,8,0.279311,0.277625,0.603563
19,9,0.146842,0.145956,0.603563
19,10,0.000000,0.000000,0.000000
20,0,0.000000,0.000000,0.000000
20,1,0.141203,0.140306,0.635228
20,2,0.268585,0.266878,0.635228
20,3,0.369675,0.367327,0.635228
20,4,0.434579,0.431818,0.635228
20,5,0.456943,0.454041,0.635228
20,6,0.434579,0.431818,0.635228
20,7,0.369675,0.367327,0.635228
20,8,0.268585,0.266878,0.635228
20,9,0.141203,0.140306,0.635228
20,10,0.000000,0.000000,0.000000
21,0,0.000000,0.000000,0.000000
21,1,0.135781,0.134875,0.666883
21,2,0.258270,0.256548,0.666883
21,3,0.355478,0.353108,0.666883
21,4,0.417890,0.415103,0.666883
21,5,0.439395,0.436465,0.666883
21,6,0.417890,0.415103,0.666883
21,7,0.355478,0.353108,0.666883
21,8,0.258270,0.256548,0.666883
21,9,0.135781,0.134875,0.666883
21,10,0.000000,0.000000,0.000000
22,0,0.000000,0.000000,0.000000
22,1,0.130566,0.129654,0.698529
22,2,0.248352,0.246617,0.698529
22,3,0.341827,0.339439,0.698529
22,4,0.401842,0.399035,0.698529
22,5,0.422521,0.419570,0.698529
22,6,0.401842,0.399035,0.698529
22,7,0.341827,0.339439,0.698529
22,8,0.248352,0.246617,0.698529
22,9,0.130566,0.129654,0.698529
22,10,0.000000,0.000000,0.000000
23,0,0.000000,0.000000,0.000000
23,1,0.125552,0.124635,0.730164
23,2,0.238814,0.237071,0.730164
23,3,0.328700,0.326300,0.730164
23,4,0.386410,0.383588,0.730164
23,5,0.406295,0.403329,0.730164
23,6,0.386410,0.383588,0.730164
23,7,0.328700,0.326300,0.730164
23,8,0.238814,0.237071,0.730164
23,9,0.125552,0.124635,0.730164
23,10,0.000000,0.000000,0.000000
24,0,0.000000,0.000000,0.000000
24,1,0.120731,0.119811,0.761789
24,2,0.229643,0.227894,0.761789
24,3,0.316077,0.313669,0.761789
24,4,0.371570,0.368740,0.761789
24,5,0.390692,0.387716,0.761789
24,6,0.371570,0.368740,0.761789
24,7,0.316077,0.313669,0.761789
24,8,0.229643,0.227894,0.761789
24,9,0.120731,0.119811,0.761789
24,10,0.000000,0.000000,0.000000
25,0,0.000000,0.000000,0.000000
25,1,0.116094,0.115173,0.793404
25,2,0.220824,0.219072,0.793404
25,3,0.303938,0.301527,0.793404
25,4,0.357301,0.354466,0.793404
25,5,0.375689,0.372708,0.793404
25,6,0.357301,0.354466,0.793404
25,7,0.303938,0.301527,0.793404
25,8,0.220824,0.219072,0.793404
25,9,0.116094,0.115173,0.793404
25,10,0.000000,0.000000,0.000000
26,0,0.000000,0.000000,0.000000
26,1,0.111636,0.110715,0.825009
26,2,0.212344,0.210592,0.825009
26,3,0.292266,0.289855,0.825009
26,4,0.343580,0.340745,0.825009
26,5,0.361261,0.358281,0.825009
26,6,0.343580,0.340745,0.825009
26,7,0.292266,0.289855,0.825009
26,8,0.212344,0.210592,0.825009
26,9,0.111636,0.110715,0.825009
26,10,0.000000,0.000000,0.000000
27,0,0.000000,0.000000,0.000000
27,1,0.107349,0.106429,0.856603
27,2,0.204189,0.202440,0.856603
27,3,0.281042,0.278635,0.856603
27,4,0.330385,0.327555,0.856603
27,5,0.347388,0.344412,0.856603
27,6,0.330385,0.327555,0.856603
27,7,0.281042,0.278635,0.856603
27,8,0.204189,0.202440,0.856603
27,9,0.107349,0.106429,0.856603
27,10,0.000000,0.000000,0.000000
28,0,0.000000,0.000000,0.000000
28,1,0.103226,0.102309,0.888188
28,2,0.196348,0.194604,0.888188
28,3,0.270250,0.267849,0.888188
28,4,0.317697,0.314876,0.888188
28,5,0.334047,0.331080,0.888188
28,6,0.317697,0.314876,0.888188
28,7,0.270250,0.267849,0.888188
28,8,0.196348,0.194604,0.888188
28,9,0.103226,0.102309,0.888188
28,10,0.000000,0.000000,0.000000
29,0,0.000000,0.000000,0.000000
29,1,0.099262,0.098349,0.919763
29,2,0.188807,0.187071,0.919763
29,3,0.259871,0.257481,0.919763
29,4,0.305497,0.302687,0.919763
29,5,0.321218,0.318264,0.919763
29,6,0.305497,0.302687,0.919763
29,7,0.259871,0.257481,0.919763
29,8,0.188807,0.187071,0.919763
29,9,0.099262,0.098349,0.919763
29,10,0.000000,0.000000,0.000000
30,0,0.000000,0.000000,0.000000
30,1,0.095450,0.094542,0.951327
30,2,0.181557,0.179829,0.951327
30,3,0.249891,0.247514,0.951327
30,4,0.293765,0.290970,0.951327
30,5,0.308883,0.305944,0.951327
30,6,0.293765,0.290970,0.951327
30,7,0.249891,0.247514,0.951327
30,8,0.181557,0.179829,0.951327
30,9,0.095450,0.094542,0.951327
30,10,0.000000,0.000000,0.000000
31,0,0.000000,0.000000,0.000000
31,1,0.091784,0.090882,0.982882
31,2,0.174584,0.172868,0.982882
31,3,0.240295,0.237933,0.982882
31,4,0.282483,0.279707,0.982882
31,5,0.297021,0.294101,0.982882
31,6,0.282483,0.279707,0.982882
31,7,0.240295,0.237933,0.982882
31,8,0.174584,0.172868,0.982882
31,9,0.091784,0.090882,0.982882
31,10,0.000000,0.000000,0.000000
32,0,0.000000,0.000000,0.000000
32,1,0.088260,0.087364,1.014427
32,2,0.167880,0.166177,1.014427
32,3,0.231067,0.228723,1.014427
32,4,0.271635,0.268880,1.014427
32,5,0.285614,0.282717,1.014427
32,6,0.271635,0.268880,1.014427
32,7,0.231067,0.228723,1.014427
32,8,0.167880,0.166177,1.014427
32,9,0.088260,0.087364,1.014427
32,10,0.000000,0.000000,0.000000
33,0,0.000000,0.000000,0.000000
33,1,0.084870,0.083983,1.045961
33,2,0.161433,0.159744,1.045961
33,3,0.222193,0.219869,1.045961
33,4,0.261204,0.258472,1.045961
33,5,0.274646,0.271773,1.045961
33,6,0.261204,0.258472,1.045961
33,7,0.222193,0.219869,1.045961
33,8,0.161433,0.159744,1.045961
33,9,0.084870,0.083983,1.045961
33,10,0.000000,0.000000,0.000000
34,0,0.000000,0.000000,0.000000
34,1,0.081611,0.080732,1.077485
34,2,0.155233,0.153561,1.077485
34,3,0.213660,0.211358,1.077485
34,4,0.251173,0.248466,1.077485
34,5,0.264099,0.261253,1.077485
34,6,0.251173,0.248466,1.077485
34,7,0.213660,0.211358,1.077485
34,8,0.155233,0.153561,1.077485
34,9,0.081611,0.080732,1.077485
34,10,0.000000,0.000000,0.000000
35,0,0.000000,0.000000,0.000000
35,1,0.078477,0.077607,1.109000
35,2,0.149272,0.147616,1.109000
35,3,0.205455,0.203177,1.109000
35,4,0.241527,0.238848,1.109000
35,5,0.253956,0.251140,1.109000
35,6,0.241527,0.238848,1.109000
35,7,0.205455,0.203177,1.109000
35,8,0.149272,0.147616,1.109000
35,9,0.078477,0.077607,1.109000
35,10,0.000000,0.000000,0.000000
36,0,0.000000,0.000000,0.000000
36,1,0.075463,0.074602,1.140504
36,2,0.143539,0.141902,1.140504
36,3,0.197565,0.195312,1.140504
36,4,0.232252,0.229603,1.140504
36,5,0.244204,0.241419,1.140504
36,6,0.232252,0.229603,1.140504
36,7,0.197565,0.195312,1.140504
36,8,0.143539,0.141902,1.140504
36,9,0.075463,0.074602,1.140504
36,10,0.000000,0.000000,0.000000
37,0,0.000000,0.000000,0.000000
37,1,0.072565,0.071715,1.171998
37,2,0.138027,0.136409,1.171998
37,3,0.189978,0.187751,1.171998
37,4,0.223332,0.220715,1.171998
37,5,0.234826,0.232073,1.171998
37,6,0.223332,0.220715,1.171998
37,7,0.189978,0.187751,1.171998
37,8,0.138027,0.136409,1.171998
37,9,0.072565,0.071715,1.171998
37,10,0.000000,0.000000,0.000000
38,0,0.000000,0.000000,0.000000
38,1,0.069778,0.068939,1.203483
38,2,0.132726,0.131129,1.203483
38,3,0.182682,0.180484,1.203483
38,4,0.214756,0.212171,1.203483
38,5,0.225808,0.223090,1.203483
38,6,0.214756,0.212171,1.203483
38,7,0.182682,0.180484,1.203483
38,8,0.132726,0.131129,1.203483
38,9,0.069778,0.068939,1.203483
38,10,0.000000,0.000000,0.000000
39,0,0.000000,0.000000,0.000000
39,1,0.067099,0.066270,1.234957
39,2,0.127629,0.126053,1.234957
39,3,0.175667,0.173497,1.234957
39,4,0.206509,0.203958,1.234957
39,5,0.217136,0.214454,1.234957
39,6,0.206509,0.203958,1.234957
39,7,0.175667,0.173497,1.234957
39,8,0.127629,0.126053,1.234957
39,9,0.067099,0.066270,1.234957
39,10,0.000000,0.000000,0.000000
40,0,0.000000,0.000000,0.000000
40,1,0.064522,0.063705,1.266421
40,2,0.122728,0.121174,1.266421
40,3,0.168921,0.166781,1.266421
40,4,0.198578,0.196063,1.266421
40,5,0.208797,0.206153,1.266421
40,6,0.198578,0.196063,1.266421
40,7,0.168921,0.166781,1.266421
40,8,0.122728,0.121174,1.266421
40,9,0.064522,0.063705,1.266421
40,10,0.000000,0.000000,0.000000
41,0,0.000000,0.000000,0.000000
41,1,0.062044,0.061239,1.297875
41,2,0.118015,0.116483,1.297875
41,3,0.162433,0.160325,1.297875
41,4,0.190952,0.188474,1.297875
41,5,0.200779,0.198173,1.297875
41,6,0.190952,0.188474,1.297875
41,7,0.162433,0.160325,1.297875
41,8,0.118015,0.116483,1.297875
41,9,0.062044,0.061239,1.297875
41,10,0.000000,0.000000,0.000000
42,0,0.000000,0.000000,0.000000
42,1,0.059661,0.058868,1.329319
42,2,0.113483,0.111974,1.329319
42,3,0.156196,0.154119,1.329319
42,4,0.183619,0.181178,1.329319
42,5,0.193068,0.190502,1.329319
42,6,0.183619,0.181178,1.329319
42,7,0.156196,0.154119,1.329319
42,8,0.113483,0.111974,1.329319
42,9,0.059661,0.058868,1.329319
42,10,0.000000,0.000000,0.000000
43,0,0.000000,0.000000,0.000000
43,1,0.057370,0.056590,1.360754
43,2,0.109125,0.107640,1.360754
43,3,0.150197,0.148153,1.360754
43,4,0.176567,0.174165,1.360754
43,5,0.185654,0.183128,1.360754
43,6,0.176567,0.174165,1.360754
43,7,0.150197,0.148153,1.360754
43,8,0.109125,0.107640,1.360754
43,9,0.057370,0.056590,1.360754
43,10,0.000000,0.000000,0.000000
44,0,0.000000,0.000000,0.000000
44,1,0.055167,0.054399,1.392178
44,2,0.104934,0.103473,1.392178
44,3,0.144429,0.142418,1.392178
44,4,0.169787,0.167423,1.392178
44,5,0.178524,0.176039,1.392178
44,6,0.169787,0.167423,1.392178
44,7,0.144429,0.142418,1.392178
44,8,0.104934,0.103473,1.392178
44,9,0.055167,0.054399,1.392178
44,10,0.000000,0.000000,0.000000
45,0,0.000000,0.000000,0.000000
45,1,0.053048,0.052293,1.423592
45,2,0.100904,0.099468,1.423592
45,3,0.138883,0.136906,1.423592
45,4,0.163266,0.160942,1.423592
45,5,0.171668,0.169225,1.423592
45,6,0.163266,0.160942,1.423592
45,7,0.138883,0.136906,1.423592
45,8,0.100904,0.099468,1.423592
45,9,0.053048,0.052293,1.423592
45,10,0.000000,0.000000,0.000000
46,0,0.000000,0.000000,0.000000
46,1,0.051011,0.050269,1.454996
46,2,0.097029,0.095617,1.454996
46,3,0.133549,0.131606,1.454996
46,4,0.156996,0.154712,1.454996
46,5,0.165076,0.162674,1.454996
46,6,0.156996,0.154712,1.454996
46,7,0.133549,0.131606,1.454996
46,8,0.097029,0.095617,1.454996
46,9,0.051011,0.050269,1.454996
46,10,0.000000,0.000000,0.000000
47,0,0.000000,0.000000,0.000000
47,1,0.049052,0.048323,1.486390
47,2,0.093303,0.091916,1.486390
47,3,0.128420,0.126512,1.486390
47,4,0.150967,0.148723,1.486390
47,5,0.158736,0.156377,1.486390
47,6,0.150967,0.148723,1.486390
47,7,0.128420,0.126512,1.486390
47,8,0.093303,0.091916,1.486390
47,9,0.049052,0.048323,1.486390
47,10,0.000000,0.000000,0.000000
48,0,0.000000,0.000000,0.000000
48,1,0.047169,0.046453,1.517774
48,2,0.089720,0.088358,1.517774
48,3,0.123489,0.121614,1.517774
48,4,0.145170,0.142966,1.517774
48,5,0.152640,0.150324,1.517774
48,6,0.145170,0.142966,1.517774
48,7,0.123489,0.121614,1.517774
48,8,0.089720,0.088358,1.517774
48,9,0.047169,0.046453,1.517774
48,10,0.000000,0.000000,0.000000
49,0,0.000000,0.000000,0.000000
49,1,0.045357,0.044654,1.549148
49,2,0.086274,0.084938,1.549148
49,3,0.118746,0.116907,1.549148
49,4,0.139595,0.137432,1.549148
49,5,0.146779,0.144505,1.549148
49,6,0.139595,0.137432,1.549148
49,7,0.118746,0.116907,1.549148
49,8,0.086274,0.084938,1.549148
49,9,0.045357,0.044654,1.549148
49,10,0.000000,0.000000,0.000000
50,0,0.000000,0.000000,0.000000
50,1,0.043615,0.042926,1.580512
50,2,0.082961,0.081650,1.580512
50,3,0.114186,0.112381,1.580512
50,4,0.134234,0.132112,1.580512
50,5,0.141142,0.138911,1.580512
50,6,0.134234,0.132112,1.580512
50,7,0.114186,0.112381,1.580512
50,8,0.082961,0.081650,1.580512
50,9,0.043615,0.042926,1.580512
50,10,0.000000,0.000000,0.000000
51,0,0.000000,0.000000,0.000000
51,1,0.041940,0.041264,1.611867
51,2,0.079775,0.078489,1.611867
51,3,0.109801,0.108031,1.611867
51,4,0.129079,0.126998,1.611867
51,5,0.135722,0.133534,1.611867
51,6,0.129079,0.126998,1.611867
51,7,0.109801,0.108031,1.611867
51,8,0.079775,0.078489,1.611867
51,9,0.041940,0.041264,1.611867
51,10,0.000000,0.000000,0.000000
52,0,0.000000,0.000000,0.000000
52,1,0.040330,0.039667,1.643211
52,2,0.076712,0.075451,1.643211
52,3,0.105584,0.103849,1.643211
52,4,0.124122,0.122082,1.643211
52,5,0.130510,0.128365,1.643211
52,6,0.124122,0.122082,1.643211
52,7,0.105584,0.103849,1.643211
52,8,0.076712,0.075451,1.643211
52,9,0.040330,0.039667,1.643211
52,10,0.000000,0.000000,0.000000
53,0,0.000000,0.000000,0.000000
53,1,0.038781,0.038131,1.674545
53,2,0.073766,0.072530,1.674545
53,3,0.101530,0.099830,1.674545
53,4,0.119355,0.117357,1.674545
53,5,0.125498,0.123396,1.674545
53,6,0.119355,0.117357,1.674545
53,7,0.101530,0.099830,1.674545
53,8,0.073766,0.072530,1.674545
53,9,0.038781,0.038131,1.674545
53,10,0.000000,0.000000,0.000000
54,0,0.000000,0.000000,0.000000
54,1,0.037292,0.036655,1.705869
54,2,0.070933,0.069723,1.705869
54,3,0.097631,0.095965,1.705869
54,4,0.114772,0.112814,1.705869
54,5,0.120678,0.118619,1.705869
54,6,0.114772,0.112814,1.705869
54,7,0.097631,0.095965,1.705869
54,8,0.070933,0.069723,1.705869
54,9,0.037292,0.036655,1.705869
54,10,0.000000,0.000000,0.000000
55,0,0.000000,0.000000,0.000000
55,1,0.035859,0.035237,1.737183
55,2,0.068209,0.067024,1.737183
55,3,0.093881,0.092250,1.737183
55,4,0.110364,0.108447,1.737183
55,5,0.116044,0.114028,1.737183
55,6,0.110364,0.108447,1.737183
55,7,0.093881,0.092250,1.737183
55,8,0.068209,0.067024,1.737183
55,9,0.035859,0.035237,1.737183
55,10,0.000000,0.000000,0.000000
56,0,0.000000,0.000000,0.000000
56,1,0.034482,0.033873,1.768487
56,2,0.065589,0.064429,1.768487
56,3,0.090276,0.088679,1.768487
56,4,0.106126,0.104249,1.768487
56,5,0.111587,0.109614,1.768487
56,6,0.106126,0.104249,1.768487
56,7,0.090276,0.088679,1.768487
56,8,0.065589,0.064429,1.768487
56,9,0.034482,0.033873,1.768487
56,10,0.000000,0.000000,0.000000
57,0,0.000000,0.000000,0.000000
57,1,0.033158,0.032561,1.799782
57,2,0.063071,0.061935,1.799782
57,3,0.086809,0.085247,1.799782
57,4,0.102050,0.100214,1.799782
57,5,0.107302,0.105371,1.799782
57,6,0.102050,0.100214,1.799782
57,7,0.086809,0.085247,1.799782
57,8,0.063071,0.061935,1.799782
57,9,0.033158,0.032561,1.799782
57,10,0.000000,0.000000,0.000000
58,0,0.000000,0.000000,0.000000
58,1,0.031885,0.031301,1.831066
58,2,0.060648,0.059538,1.831066
58,3,0.083475,0.081947,1.831066
58,4,0.098131,0.096334,1.831066
58,5,0.103181,0.101292,1.831066
58,6,0.098131,0.096334,1.831066
58,7,0.083475,0.081947,1.831066
58,8,0.060648,0.059538,1.831066
58,9,0.031885,0.031301,1.831066
58,10,0.000000,0.000000,0.000000
59,0,0.000000,0.000000,0.000000
59,1,0.030660,0.030089,1.862340
59,2,0.058319,0.057233,1.862340
59,3,0.080270,0.078775,1.862340
59,4,0.094363,0.092605,1.862340
59,5,0.099219,0.097371,1.862340
59,6,0.094363,0.092605,1.862340
59,7,0.080270,0.078775,1.862340
59,8,0.058319,0.057233,1.862340
59,9,0.030660,0.030089,1.862340
59,10,0.000000,0.000000,0.000000
60,0,0.000000,0.000000,0.000000
60,1,0.029483,0.028925,1.893605
60,2,0.056080,0.055018,1.893605
60,3,0.077187,0.075725,1.893605
60,4,0.090739,0.089021,1.893605
60,5,0.095409,0.093602,1.893605
60,6,0.090739,0.089021,1.893605
60,7,0.077187,0.075725,1.893605
60,8,0.056080,0.055018,1.893605
60,9,0.029483,0.028925,1.893605
60,10,0.000000,0.000000,0.000000
61,0,0.000000,0.000000,0.000000
61,1,0.028351,0.027805,1.924859
61,2,0.053926,0.052888,1.924859
61,3,0.074223,0.072794,1.924859
61,4,0.087254,0.085575,1.924859
61,5,0.091745,0.089979,1.924859
61,6,0.087254,0.085575,1.924859
61,7,0.074223,0.072794,1.924859
61,8,0.053926,0.052888,1.924859
61,9,0.028351,0.027805,1.924859
61,10,0.000000,0.000000,0.000000
62,0,0.000000,0.000000,0.000000
62,1,0.027262,0.026729,1.956103
62,2,0.051855,0.050841,1.956103
62,3,0.071373,0.069976,1.956103
62,4,0.083903,0.082262,1.956103
62,5,0.088221,0.086496,1.956103
62,6,0.083903,0.082262,1.956103
62,7,0.071373,0.069976,1.956103
62,8,0.051855,0.050841,1.956103
62,9,0.027262,0.026729,1.956103
62,10,0.000000,0.000000,0.000000
63,0,0.000000,0.000000,0.000000
63,1,0.026215,0.025694,1.987338
63,2,0.049864,0.048873,1.987338
63,3,0.068632,0.067268,1.987338
63,4,0.080681,0.079078,1.987338
63,5,0.084833,0.083147,1.987338
63,6,0.080681,0.079078,1.987338
63,7,0.068632,0.067268,1.987338
63,8,0.049864,0.048873,1.987338
63,9,0.026215,0.025694,1.987338
63,10,0.000000,0.000000,0.000000
64,0,0.000000,0.000000,0.000000
64,1,0.025208,0.024699,2.018562
64,2,0.047949,0.046981,2.018562
64,3,0.065996,0.064664,2.018562
64,4,0.077583,0.076017,2.018562
64,5,0.081575,0.079929,2.018562
64,6,0.077583,0.076017,2.018562
64,7,0.065996,0.064664,2.018562
64,8,0.047949,0.046981,2.018562
64,9,0.025208,0.024699,2.018562
64,10,0.000000,0.000000,0.000000
65,0,0.000000,0.000000,0.000000
65,1,0.024240,0.023743,2.049777
65,2,0.046107,0.045162,2.049777
65,3,0.063462,0.062161,2.049777
65,4,0.074603,0.073074,2.049777
65,5,0.078443,0.076835,2.049777
65,6,0.074603,0.073074,2.049777
65,7,0.063462,0.062161,2.049777
65,8,0.046107,0.045162,2.049777
65,9,0.024240,0.023743,2.049777
65,10,0.000000,0.000000,0.000000
66,0,0.000000,0.000000,0.000000
66,1,0.023309,0.022824,2.080982
66,2,0.044337,0.043414,2.080982
66,3,0.061024,0.059754,2.080982
66,4,0.071738,0.070246,2.080982
66,5,0.075430,0.073861,2.080982
66,6,0.071738,0.070246,2.080982
66,7,0.061024,0.059754,2.080982
66,8,0.044337,0.043414,2.080982
66,9,0.023309,0.022824,2.080982
66,10,0.000000,0.000000,0.000000
67,0,0.000000,0.000000,0.000000
67,1,0.022414,0.021941,2.112176
67,2,0.042634,0.041734,2.112176
67,3,0.058681,0.057441,2.112176
67,4,0.068984,0.067526,2.112176
67,5,0.072534,0.071002,2.112176
67,6,0.068984,0.067526,2.112176
67,7,0.058681,0.057441,2.112176
67,8,0.042634,0.041734,2.112176
67,9,0.022414,0.021941,2.112176
67,10,0.000000,0.000000,0.000000
68,0,0.000000,0.000000,0.000000
68,1,0.021553,0.021091,2.143361
68,2,0.040997,0.040118,2.143361
68,3,0.056427,0.055218,2.143361
68,4,0.066334,0.064913,2.143361
68,5,0.069748,0.068253,2.143361
68,6,0.066334,0.064913,2.143361
68,7,0.056427,0.055218,2.143361
68,8,0.040997,0.040118,2.143361
68,9,0.021553,0.021091,2.143361
68,10,0.000000,0.000000,0.000000
69,0,0.000000,0.000000,0.000000
69,1,0.020726,0.020275,2.174536
69,2,0.039422,0.038565,2.174536
69,3,0.054260,0.053080,2.174536
69,4,0.063787,0.062400,2.174536
69,5,0.067070,0.065611,2.174536
69,6,0.063787,0.062400,2.174536
69,7,0.054260,0.053080,2.174536
69,8,0.039422,0.038565,2.174536
69,9,0.020726,0.020275,2.174536
69,10,0.000000,0.000000,0.000000
70,0,0.000000,0.000000,0.000000
70,1,0.019930,0.019490,2.205701
70,2,0.037909,0.037072,2.205701
70,3,0.052177,0.051026,2.205701
70,4,0.061337,0.059984,2.205701
70,5,0.064494,0.063071,2.205701
70,6,0.061337,0.059984,2.205701
70,7,0.052177,0.051026,2.205701
70,8,0.037909,0.037072,2.205701
70,9,0.019930,0.019490,2.205701
70,10,0.000000,0.000000,0.000000
71,0,0.000000,0.000000,0.000000
71,1,0.019164,0.018736,2.236856
71,2,0.036453,0.035637,2.236856
71,3,0.050173,0.049051,2.236856
71,4,0.058982,0.057662,2.236856
71,5,0.062017,0.060630,2.236856
71,6,0.058982,0.057662,2.236856
71,7,0.050173,0.049051,2.236856
71,8,0.036453,0.035637,2.236856
71,9,0.019164,0.018736,2.236856
71,10,0.000000,0.000000,0.000000
72,0,0.000000,0.000000,0.000000
72,1,0.018428,0.018010,2.268001
72,2,0.035053,0.034258,2.268001
72,3,0.048246,0.047152,2.268001
72,4,0.056717,0.055430,2.268001
72,5,0.059635,0.058283,2.268001
72,6,0.056717,0.055430,2.268001
72,7,0.048246,0.047152,2.268001
72,8,0.035053,0.034258,2.268001
72,9,0.018428,0.018010,2.268001
72,10,0.000000,0.000000,0.000000
73,0,0.000000,0.000000,0.000000
73,1,0.017721,0.017313,2.299136
73,2,0.033707,0.032932,2.299136
73,3,0.046393,0.045327,2.299136
73,4,0.054539,0.053285,2.299136
73,5,0.057345,0.056027,2.299136
73,6,0.054539,0.053285,2.299136
73,7,0.046393,0.045327,2.299136
73,8,0.033707,0.032932,2.299136
73,9,0.017721,0.017313,2.299136
73,10,0.000000,0.000000,0.000000
74,0,0.000000,0.000000,0.000000
74,1,0.017040,0.016643,2.330261
74,2,0.032412,0.031657,2.330261
74,3,0.044612,0.043572,2.330261
74,4,0.052444,0.051222,2.330261
74,5,0.055143,0.053858,2.330261
74,6,0.052444,0.051222,2.330261
74,7,0.044612,0.043572,2.330261
74,8,0.032412,0.031657,2.330261
74,9,0.017040,0.016643,2.330261
74,10,0.000000,0.000000,0.000000
75,0,0.000000,0.000000,0.000000
75,1,0.016386,0.015999,2.361376
75,2,0.031168,0.030432,2.361376
75,3,0.042898,0.041885,2.361376
75,4,0.050430,0.049239,2.361376
75,5,0.053025,0.051773,2.361376
75,6,0.050430,0.049239,2.361376
75,7,0.042898,0.041885,2.361376
75,8,0.031168,0.030432,2.361376
75,9,0.016386,0.015999,2.361376
75,10,0.000000,0.000000,0.000000
76,0,0.000000,0.000000,0.000000
76,1,0.015756,0.015380,2.392482
76,2,0.029971,0.029254,2.392482
76,3,0.041251,0.040264,2.392482
76,4,0.048493,0.047333,2.392482
76,5,0.050989,0.049769,2.392482
76,6,0.048493,0.047333,2.392482
76,7,0.041251,0.040264,2.392482
76,8,0.029971,0.029254,2.392482
76,9,0.015756,0.015380,2.392482
76,10,0.000000,0.000000,0.000000
77,0,0.000000,0.000000,0.000000
77,1,0.015151,0.014784,2.423577
77,2,0.028820,0.028121,2.423577
77,3,0.039667,0.038706,2.423577
77,4,0.046631,0.045501,2.423577
77,5,0.049031,0.047843,2.423577
77,6,0.046631,0.045501,2.423577
77,7,0.039667,0.038706,2.423577
77,8,0.028820,0.028121,2.423577
77,9,0.015151,0.014784,2.423577
77,10,0.000000,0.000000,0.000000
78,0,0.000000,0.000000,0.000000
78,1,0.014570,0.014212,2.454663
78,2,0.027713,0.027033,2.454663
78,3,0.038144,0.037207,2.454663
78,4,0.044840,0.043740,2.454663
78,5,0.047148,0.045991,2.454663
78,6,0.044840,0.043740,2.454663
78,7,0.038144,0.037207,2.454663
78,8,0.027713,0.027033,2.454663
78,9,0.014570,0.014212,2.454663
78,10,0.000000,0.000000,0.000000
79,0,0.000000,0.000000,0.000000
79,1,0.014010,0.013662,2.485738
79,2,0.026649,0.025986,2.485738
79,3,0.036679,0.035767,2.485738
79,4,0.043118,0.042047,2.485738
79,5,0.045337,0.044210,2.485738
79,6,0.043118,0.042047,2.485738
79,7,0.036679,0.035767,2.485738
79,8,0.026649,0.025986,2.485738
79,9,0.014010,0.013662,2.485738
79,10,0.000000,0.000000,0.000000
80,0,0.000000,0.000000,0.000000
80,1,0.013472,0.013133,2.516804
80,2,0.025625,0.024980,2.516804
80,3,0.035270,0.034382,2.516804
80,4,0.041463,0.040419,2.516804
80,5,0.043596,0.042499,2.516804
80,6,0.041463,0.040419,2.516804
80,7,0.035270,0.034382,2.516804
80,8,0.025625,0.024980,2.516804
80,9,0.013472,0.013133,2.516804
80,10,0.000000,0.000000,0.000000
81,0,0.000000,0.000000,0.000000
81,1,0.012955,0.012625,2.547860
81,2,0.024641,0.024013,2.547860
81,3,0.033916,0.033052,2.547860
81,4,0.039870,0.038854,2.547860
81,5,0.041922,0.040854,2.547860
81,6,0.039870,0.038854,2.547860
81,7,0.033916,0.033052,2.547860
81,8,0.024641,0.024013,2.547860
81,9,0.012955,0.012625,2.547860
81,10,0.000000,0.000000,0.000000
82,0,0.000000,0.000000,0.000000
82,1,0.012457,0.012136,2.578906
82,2,0.023695,0.023084,2.578906
82,3,0.032613,0.031772,2.578906
82,4,0.038339,0.037350,2.578906
82,5,0.040312,0.039273,2.578906
82,6,0.038339,0.037350,2.578906
82,7,0.032613,0.031772,2.578906
82,8,0.023695,0.023084,2.578906
82,9,0.012457,0.012136,2.578906
82,10,0.000000,0.000000,0.000000
83,0,0.000000,0.000000,0.000000
83,1,0.011979,0.011666,2.609942
83,2,0.022785,0.022190,2.609942
83,3,0.031361,0.030542,2.609942
83,4,0.036867,0.035905,2.609942
83,5,0.038764,0.037752,2.609942
83,6,0.036867,0.035905,2.609942
83,7,0.031361,0.030542,2.609942
83,8,0.022785,0.022190,2.609942
83,9,0.011979,0.011666,2.609942
83,10,0.000000,0.000000,0.000000
84,0,0.000000,0.000000,0.000000
84,1,0.011519,0.011215,2.640968
84,2,0.021910,0.021331,2.640968
84,3,0.030156,0.029360,2.640968
84,4,0.035451,0.034515,2.640968
84,5,0.037275,0.036291,2.640968
84,6,0.035451,0.034515,2.640968
84,7,0.030156,0.029360,2.640968
84,8,0.021910,0.021331,2.640968
84,9,0.011519,0.011215,2.640968
84,10,0.000000,0.000000,0.000000
85,0,0.000000,0.000000,0.000000
85,1,0.011076,0.010780,2.671984
85,2,0.021069,0.020506,2.671984
85,3,0.028998,0.028223,2.671984
85,4,0.034090,0.033179,2.671984
85,5,0.035844,0.034886,2.671984
85,6,0.034090,0.033179,2.671984
85,7,0.028998,0.028223,2.671984
85,8,0.021069,0.020506,2.671984
85,9,0.011076,0.010780,2.671984
85,10,0.000000,0.000000,0.000000
86,0,0.000000,0.000000,0.000000
86,1,0.010651,0.010363,2.702991
86,2,0.020259,0.019712,2.702991
86,3,0.027885,0.027131,2.702991
86,4,0.032780,0.031894,2.702991
86,5,0.034467,0.033536,2.702991
86,6,0.032780,0.031894,2.702991
86,7,0.027885,0.027131,2.702991
86,8,0.020259,0.019712,2.702991
86,9,0.010651,0.010363,2.702991
86,10,0.000000,0.000000,0.000000
87,0,0.000000,0.000000,0.000000
87,1,0.010242,0.009962,2.733987
87,2,0.019481,0.018949,2.733987
87,3,0.026814,0.026081,2.733987
87,4,0.031522,0.030660,2.733987
87,5,0.033144,0.032238,2.733987
87,6,0.031522,0.030660,2.733987
87,7,0.026814,0.026081,2.733987
87,8,0.019481,0.018949,2.733987
87,9,0.010242,0.009962,2.733987
87,10,0.000000,0.000000,0.000000
88,0,0.000000,0.000000,0.000000
88,1,0.009849,0.009576,2.764974
88,2,0.018733,0.018215,2.764974
88,3,0.025784,0.025071,2.764974
88,4,0.030311,0.029473,2.764974
88,5,0.031871,0.030990,2.764974
88,6,0.030311,0.029473,2.764974
88,7,0.025784,0.025071,2.764974
88,8,0.018733,0.018215,2.764974
88,9,0.009849,0.009576,2.764974
88,10,0.000000,0.000000,0.000000
89,0,0.000000,0.000000,0.000000
89,1,0.009470,0.009206,2.795951
89,2,0.018014,0.017510,2.795951
89,3,0.024794,0.024101,2.795951
89,4,0.029147,0.028332,2.795951
89,5,0.030647,0.029790,2.795951
89,6,0.029147,0.028332,2.795951
89,7,0.024794,0.024101,2.795951
89,8,0.018014,0.017510,2.795951
89,9,0.009470,0.009206,2.795951
89,10,0.000000,0.000000,0.000000
90,0,0.000000,0.000000,0.000000
90,1,0.009107,0.008849,2.826918
90,2,0.017322,0.016832,2.826918
90,3,0.023842,0.023168,2.826918
90,4,0.028028,0.027235,2.826918
90,5,0.029470,0.028637,2.826918
90,6,0.028028,0.027235,2.826918
90,7,0.023842,0.023168,2.826918
90,8,0.017322,0.016832,2.826918
90,9,0.009107,0.008849,2.826918
90,10,0.000000,0.000000,0.000000
91,0,0.000000,0.000000,0.000000
91,1,0.008757,0.008507,2.857875
91,2,0.016657,0.016181,2.857875
91,3,0.022926,0.022271,2.857875
91,4,0.026951,0.026181,2.857875
91,5,0.028338,0.027528,2.857875
91,6,0.026951,0.026181,2.857875
91,7,0.022926,0.022271,2.857875
91,8,0.016657,0.016181,2.857875
91,9,0.008757,0.008507,2.857875
91,10,0.000000,0.000000,0.000000
92,0,0.000000,0.000000,0.000000
92,1,0.008421,0.008177,2.888822
92,2,0.016017,0.015554,2.888822
92,3,0.022046,0.021409,2.888822
92,4,0.025916,0.025168,2.888822
92,5,0.027250,0.026463,2.888822
92,6,0.025916,0.025168,2.888822
92,7,0.022046,0.021409,2.888822
92,8,0.016017,0.015554,2.888822
92,9,0.008421,0.008177,2.888822
92,10,0.000000,0.000000,0.000000
93,0,0.000000,0.000000,0.000000
93,1,0.008097,0.007861,2.919759
93,2,0.015402,0.014952,2.919759
93,3,0.021199,0.020580,2.919759
93,4,0.024921,0.024193,2.919759
93,5,0.026204,0.025438,2.919759
93,6,0.024921,0.024193,2.919759
93,7,0.021199,0.020580,2.919759
93,8,0.015402,0.014952,2.919759
93,9,0.008097,0.007861,2.919759
93,10,0.000000,0.000000,0.000000
94,0,0.000000,0.000000,0.000000
94,1,0.007786,0.007557,2.950687
94,2,0.014811,0.014374,2.950687
94,3,0.020385,0.019784,2.950687
94,4,0.023964,0.023257,2.950687
94,5,0.025197,0.024454,2.950687
94,6,0.023964,0.023257,2.950687
94,7,0.020385,0.019784,2.950687
94,8,0.014811,0.014374,2.950687
94,9,0.007786,0.007557,2.950687
94,10,0.000000,0.000000,0.000000
95,0,0.000000,0.000000,0.000000
95,1,0.007487,0.007264,2.981604
95,2,0.014242,0.013817,2.981604
95,3,0.019602,0.019018,2.981604
95,4,0.023044,0.022357,2.981604
95,5,0.024230,0.023507,2.981604
95,6,0.023044,0.022357,2.981604
95,7,0.019602,0.019018,2.981604
95,8,0.014242,0.013817,2.981604
95,9,0.007487,0.007264,2.981604
95,10,0.000000,0.000000,0.000000
96,0,0.000000,0.000000,0.000000
96,1,0.007200,0.006983,3.012512
96,2,0.013695,0.013282,3.012512
96,3,0.018849,0.018282,3.012512
96,4,0.022159,0.021491,3.012512
96,5,0.023299,0.022597,3.012512
96,6,0.022159,0.021491,3.012512
96,7,0.018849,0.018282,3.012512
96,8,0.013695,0.013282,3.012512
96,9,0.007200,0.006983,3.012512
96,10,0.000000,0.000000,0.000000
97,0,0.000000,0.000000,0.000000
97,1,0.006923,0.006713,3.043410
97,2,0.013169,0.012768,3.043410
97,3,0.018126,0.017574,3.043410
97,4,0.021308,0.020659,3.043410
97,5,0.022404,0.021723,3.043410
97,6,0.021308,0.020659,3.043410
97,7,0.018126,0.017574,3.043410
97,8,0.013169,0.012768,3.043410
97,9,0.006923,0.006713,3.043410
97,10,0.000000,0.000000,0.000000
98,0,0.000000,0.000000,0.000000
98,1,0.006657,0.006453,3.074298
98,2,0.012663,0.012274,3.074298
98,3,0.017429,0.016894,3.074298
98,4,0.020490,0.019860,3.074298
98,5,0.021544,0.020882,3.074298
98,6,0.020490,0.019860,3.074298
98,7,0.017429,0.016894,3.074298
98,8,0.012663,0.012274,3.074298
98,9,0.006657,0.006453,3.074298
98,10,0.000000,0.000000,0.000000
99,0,0.000000,0.000000,0.000000
99,1,0.006402,0.006203,3.105176
99,2,0.012177,0.011799,3.105176
99,3,0.016760,0.016240,3.105176
99,4,0.019703,0.019091,3.105176
99,5,0.020717,0.020073,3.105176
99,6,0.019703,0.019091,3.105176
99,7,0.016760,0.016240,3.105176
99,8,0.012177,0.011799,3.105176
99,9,0.006402,0.006203,3.105176
99,10,0.000000,0.000000,0.000000
100,0,0.000000,0.000000,0.000000
100,1,0.006156,0.005963,3.136045
100,2,0.011709,0.011342,3.136045
100,3,0.016116,0.015611,3.136045
100,4,0.018946,0.018352,3.136045
100,5,0.019921,0.019296,3.136045
100,6,0.018946,0.018352,3.136045
100,7,0.016116,0.015611,3.136045
100,8,0.011709,0.011342,3.136045
100,9,0.006156,0.005963,3.136045
100,10,0.000000,0.000000,0.000000
101,0,0.000000,0.000000,0.000000
101,1,0.005920,0.005732,3.166903
101,2,0.011260,0.010903,3.166903
101,3,0.015498,0.015007,3.166903
101,4,0.018218,0.017641,3.166903
101,5,0.019156,0.018549,3.166903
101,6,0.018218,0.017641,3.166903
101,7,0.015498,0.015007,3.166903
101,8,0.011260,0.010903,3.166903
101,9,0.005920,0.005732,3.166903
101,10,0.000000,0.000000,0.000000
102,0,0.000000,0.000000,0.000000
102,1,0.005692,0.005510,3.197752
102,2,0.010827,0.010481,3.197752
102,3,0.014902,0.014426,3.197752
102,4,0.017519,0.016959,3.197752
102,5,0.018420,0.017831,3.197752
102,6,0.017519,0.016959,3.197752
102,7,0.014902,0.014426,3.197752
102,8,0.010827,0.010481,3.197752
102,9,0.005692,0.005510,3.197752
102,10,0.000000,0.000000,0.000000
103,0,0.000000,0.000000,0.000000
103,1,0.005474,0.005297,3.228591
103,2,0.010411,0.010075,3.228591
103,3,0.014330,0.013867,3.228591
103,4,0.016846,0.016302,3.228591
103,5,0.017713,0.017141,3.228591
103,6,0.016846,0.016302,3.228591
103,7,0.014330,0.013867,3.228591
103,8,0.010411,0.010075,3.228591
103,9,0.005474,0.005297,3.228591
103,10,0.000000,0.000000,0.000000
104,0,0.000000,0.000000,0.000000
104,1,0.005263,0.005092,3.259420
104,2,0.010012,0.009685,3.259420
104,3,0.013780,0.013331,3.259420
104,4,0.016199,0.015671,3.259420
104,5,0.017033,0.016478,3.259420
104,6,0.016199,0.015671,3.259420
104,7,0.013780,0.013331,3.259420
104,8,0.010012,0.009685,3.259420
104,9,0.005263,0.005092,3.259420
104,10,0.000000,0.000000,0.000000
105,0,0.000000,0.000000,0.000000
105,1,0.005061,0.004895,3.290239
105,2,0.009627,0.009310,3.290239
105,3,0.013251,0.012815,3.290239
105,4,0.015577,0.015064,3.290239
105,5,0.016379,0.015840,3.290239
105,6,0.015577,0.015064,3.290239
105,7,0.013251,0.012815,3.290239
105,8,0.009627,0.009310,3.290239
105,9,0.005061,0.004895,3.290239
105,10,0.000000,0.000000,0.000000
106,0,0.000000,0.000000,0.000000
106,1,0.004867,0.004705,3.321049
106,2,0.009257,0.008950,3.321049
106,3,0.012742,0.012319,3.321049
106,4,0.014979,0.014481,3.321049
106,5,0.015750,0.015227,3.321049
106,6,0.014979,0.014481,3.321049
106,7,0.012742,0.012319,3.321049
106,8,0.009257,0.008950,3.321049
106,9,0.004867,0.004705,3.321049
106,10,0.000000,0.000000,0.000000
107,0,0.000000,0.000000,0.000000
107,1,0.004680,0.004523,3.351848
107,2,0.008902,0.008604,3.351848
107,3,0.012252,0.011842,3.351848
107,4,0.014404,0.013921,3.351848
107,5,0.015145,0.014637,3.351848
107,6,0.014404,0.013921,3.351848
107,7,0.012252,0.011842,3.351848
107,8,0.008902,0.008604,3.351848
107,9,0.004680,0.004523,3.351848
107,10,0.000000,0.000000,0.000000
108,0,0.000000,0.000000,0.000000
108,1,0.004500,0.004348,3.382638
108,2,0.008560,0.008270,3.382638
108,3,0.011782,0.011383,3.382638
108,4,0.013850,0.013382,3.382638
108,5,0.014563,0.014071,3.382638
108,6,0.013850,0.013382,3.382638
108,7,0.011782,0.011383,3.382638
108,8,0.008560,0.008270,3.382638
108,9,0.004500,0.004348,3.382638
108,10,0.000000,0.000000,0.000000
109,0,0.000000,0.000000,0.000000
109,1,0.004327,0.004180,3.413418
109,2,0.008231,0.007950,3.413418
109,3,0.011329,0.010943,3.413418
109,4,0.013319,0.012864,3.413418
109,5,0.014004,0.013526,3.413418
109,6,0.013319,0.012864,3.413418
109,7,0.011329,0.010943,3.413418
109,8,0.008231,0.007950,3.413418
109,9,0.004327,0.004180,3.413418
109,10,0.000000,0.000000,0.000000
110,0,0.000000,0.000000,0.000000
110,1,0.004161,0.004018,3.444188
110,2,0.007915,0.007643,3.444188
110,3,0.010894,0.010519,3.444188
110,4,0.012807,0.012366,3.444188
110,5,0.013466,0.013002,3.444188
110,6,0.012807,0.012366,3.444188
110,7,0.010894,0.010519,3.444188
110,8,0.007915,0.007643,3.444188
110,9,0.004161,0.004018,3.444188
110,10,0.000000,0.000000,0.000000
111,0,0.000000,0.000000,0.000000
111,1,0.004001,0.003862,3.474949
111,2,0.007611,0.007347,3.474949
111,3,0.010476,0.010112,3.474949
111,4,0.012315,0.011887,3.474949
111,5,0.012949,0.012499,3.474949
111,6,0.012315,0.011887,3.474949
111,7,0.010476,0.010112,3.474949
111,8,0.007611,0.007347,3.474949
111,9,0.004001,0.003862,3.474949
111,10,0.000000,0.000000,0.000000
112,0,0.000000,0.000000,0.000000
112,1,0.003848,0.003713,3.505699
112,2,0.007319,0.007062,3.505699
112,3,0.010074,0.009721,3.505699
112,4,0.011842,0.011427,3.505699
112,5,0.012452,0.012015,3.505699
112,6,0.011842,0.011427,3.505699
112,7,0.010074,0.009721,3.505699
112,8,0.007319,0.007062,3.505699
112,9,0.003848,0.003713,3.505699
112,10,0.000000,0.000000,0.000000
113,0,0.000000,0.000000,0.000000
113,1,0.003700,0.003569,3.536440
113,2,0.007038,0.006789,3.536440
113,3,0.009687,0.009344,3.536440
113,4,0.011388,0.010985,3.536440
113,5,0.011974,0.011550,3.536440
113,6,0.011388,0.010985,3.536440
113,7,0.009687,0.009344,3.536440
113,8,0.007038,0.006789,3.536440
113,9,0.003700,0.003569,3.536440
113,10,0.000000,0.000000,0.000000
114,0,0.000000,0.000000,0.000000
114,1,0.003558,0.003431,3.567171
114,2,0.006768,0.006526,3.567171
114,3,0.009315,0.008983,3.567171
114,4,0.010950,0.010560,3.567171
114,5,0.011514,0.011103,3.567171
114,6,0.010950,0.010560,3.567171
114,7,0.009315,0.008983,3.567171
114,8,0.006768,0.006526,3.567171
114,9,0.003558,0.003431,3.567171
114,10,0.000000,0.000000,0.000000
115,0,0.000000,0.000000,0.000000
115,1,0.003421,0.003298,3.597892
115,2,0.006508,0.006274,3.597892
115,3,0.008957,0.008635,3.597892
115,4,0.010530,0.010151,3.597892
115,5,0.011072,0.010673,3.597892
115,6,0.010530,0.010151,3.597892
115,7,0.008957,0.008635,3.597892
115,8,0.006508,0.006274,3.597892
115,9,0.003421,0.003298,3.597892
115,10,0.000000,0.000000,0.000000
116,0,0.000000,0.000000,0.000000
116,1,0.003290,0.003171,3.628604
116,2,0.006258,0.006031,3.628604
116,3,0.008613,0.008301,3.628604
116,4,0.010125,0.009758,3.628604
116,5,0.010646,0.010260,3.628604
116,6,0.010125,0.009758,3.628604
116,7,0.008613,0.008301,3.628604
116,8,0.006258,0.006031,3.628604
116,9,0.003290,0.003171,3.628604
116,10,0.000000,0.000000,0.000000
117,0,0.000000,0.000000,0.000000
117,1,0.003164,0.003048,3.659306
117,2,0.006017,0.005797,3.659306
117,3,0.008282,0.007979,3.659306
117,4,0.009736,0.009380,3.659306
117,5,0.010238,0.009863,3.659306
117,6,0.009736,0.009380,3.659306
117,7,0.008282,0.007979,3.659306
117,8,0.006017,0.005797,3.659306
117,9,0.003164,0.003048,3.659306
117,10,0.000000,0.000000,0.000000
118,0,0.000000,0.000000,0.000000
118,1,0.003042,0.002930,3.689997
118,2,0.005786,0.005573,3.689997
118,3,0.007964,0.007670,3.689997
118,4,0.009363,0.009017,3.689997
118,5,0.009844,0.009481,3.689997
118,6,0.009363,0.009017,3.689997
118,7,0.007964,0.007670,3.689997
118,8,0.005786,0.005573,3.689997
118,9,0.003042,0.002930,3.689997
118,10,0.000000,0.000000,0.000000
119,0,0.000000,0.000000,0.000000
119,1,0.002925,0.002816,3.720679
119,2,0.005564,0.005357,3.720679
119,3,0.007658,0.007373,3.720679
119,4,0.009003,0.008668,3.720679
119,5,0.009466,0.009114,3.720679
119,6,0.009003,0.008668,3.720679
119,7,0.007658,0.007373,3.720679
119,8,0.005564,0.005357,3.720679
119,9,0.002925,0.002816,3.720679
119,10,0.000000,0.000000,0.000000
120,0,0.000000,0.000000,0.000000
120,1,0.002813,0.002707,3.751352
120,2,0.005350,0.005150,3.751352
120,3,0.007364,0.007088,3.751352
120,4,0.008657,0.008332,3.751352
120,5,0.009103,0.008761,3.751352
120,6,0.008657,0.008332,3.751352
120,7,0.007364,0.007088,3.751352
120,8,0.005350,0.005150,3.751352
120,9,0.002813,0.002707,3.751352
120,10,0.000000,0.000000,0.000000
121,0,0.000000,0.000000,0.000000
121,1,0.002705,0.002603,3.782014
121,2,0.005145,0.004950,3.782014
121,3,0.007081,0.006814,3.782014
121,4,0.008325,0.008010,3.782014
121,5,0.008753,0.008422,3.782014
121,6,0.008325,0.008010,3.782014
121,7,0.007081,0.006814,3.782014
121,8,0.005145,0.004950,3.782014
121,9,0.002705,0.002603,3.782014
121,10,0.000000,0.000000,0.000000
122,0,0.000000,0.000000,0.000000
122,1,0.002601,0.002502,3.812667
122,2,0.004947,0.004759,3.812667
122,3,0.006810,0.006550,3.812667
122,4,0.008005,0.007700,3.812667
122,5,0.008417,0.008096,3.812667
122,6,0.008005,0.007700,3.812667
122,7,0.006810,0.006550,3.812667
122,8,0.004947,0.004759,3.812667
122,9,0.002601,0.002502,3.812667
122,10,0.000000,0.000000,0.000000
123,0,0.000000,0.000000,0.000000
123,1,0.002501,0.002405,3.843310
123,2,0.004757,0.004575,3.843310
123,3,0.006548,0.006296,3.843310
123,4,0.007698,0.007402,3.843310
123,5,0.008094,0.007783,3.843310
123,6,0.007698,0.007402,3.843310
123,7,0.006548,0.006296,3.843310
123,8,0.004757,0.004575,3.843310
123,9,0.002501,0.002405,3.843310
123,10,0.000000,0.000000,0.000000
124,0,0.000000,0.000000,0.000000
124,1,0.002405,0.002312,3.873943
124,2,0.004575,0.004398,3.873943
124,3,0.006297,0.006053,3.873943
124,4,0.007402,0.007115,3.873943
124,5,0.007783,0.007481,3.873943
124,6,0.007402,0.007115,3.873943
124,7,0.006297,0.006053,3.873943
124,8,0.004575,0.004398,3.873943
124,9,0.002405,0.002312,3.873943
124,10,0.000000,0.000000,0.000000
125,0,0.000000,0.000000,0.000000
125,1,0.002313,0.002222,3.904567
125,2,0.004399,0.004227,3.904567
125,3,0.006055,0.005818,3.904567
125,4,0.007118,0.006840,3.904567
125,5,0.007484,0.007192,3.904567
125,6,0.007118,0.006840,3.904567
125,7,0.006055,0.005818,3.904567
125,8,0.004399,0.004227,3.904567
125,9,0.002313,0.002222,3.904567
125,10,0.000000,0.000000,0.000000
126,0,0.000000,0.000000,0.000000
126,1,0.002224,0.002136,3.935181
126,2,0.004230,0.004064,3.935181
126,3,0.005822,0.005593,3.935181
126,4,0.006844,0.006575,3.935181
126,5,0.007197,0.006913,3.935181
126,6,0.006844,0.006575,3.935181
126,7,0.005822,0.005593,3.935181
126,8,0.004230,0.004064,3.935181
126,9,0.002224,0.002136,3.935181
126,10,0.000000,0.000000,0.000000
127,0,0.000000,0.000000,0.000000
127,1,0.002138,0.002054,3.965785
127,2,0.004068,0.003906,3.965785
127,3,0.005599,0.005377,3.965785
127,4,0.006582,0.006321,3.965785
127,5,0.006920,0.006646,3.965785
127,6,0.006582,0.006321,3.965785
127,7,0.005599,0.005377,3.965785
127,8,0.004068,0.003906,3.965785
127,9,0.002138,0.002054,3.965785
127,10,0.000000,0.000000,0.000000
128,0,0.000000,0.000000,0.000000
128,1,0.002056,0.001974,3.996379
128,2,0.003911,0.003755,3.996379
128,3,0.005384,0.005168,3.996379
128,4,0.006329,0.006076,3.996379
128,5,0.006655,0.006389,3.996379
128,6,0.006329,0.006076,3.996379
128,7,0.005384,0.005168,3.996379
128,8,0.003911,0.003755,3.996379
128,9,0.002056,0.001974,3.996379
128,10,0.000000,0.000000,0.000000
129,0,0.000000,0.000000,0.000000
129,1,0.001977,0.001898,4.026963
129,2,0.003761,0.003610,4.026963
129,3,0.005177,0.004968,4.026963
129,4,0.006086,0.005841,4.026963
129,5,0.006399,0.006141,4.026963
129,6,0.006086,0.005841,4.026963
129,7,0.005177,0.004968,4.026963
129,8,0.003761,0.003610,4.026963
129,9,0.001977,0.001898,4.026963
129,10,0.000000,0.000000,0.000000
130,0,0.000000,0.000000,0.000000
130,1,0.001901,0.001824,4.057538
130,2,0.003617,0.003470,4.057538
130,3,0.004978,0.004776,4.057538
130,4,0.005852,0.005615,4.057538
130,5,0.006153,0.005904,4.057538
130,6,0.005852,0.005615,4.057538
130,7,0.004978,0.004776,4.057538
130,8,0.003617,0.003470,4.057538
130,9,0.001901,0.001824,4.057538
130,10,0.000000,0.000000,0.000000
131,0,0.000000,0.000000,0.000000
131,1,0.001828,0.001754,4.088103
131,2,0.003478,0.003336,4.088103
131,3,0.004787,0.004591,4.088103
131,4,0.005627,0.005397,4.088103
131,5,0.005917,0.005675,4.088103
131,6,0.005627,0.005397,4.088103
131,7,0.004787,0.004591,4.088103
131,8,0.003478,0.003336,4.088103
131,9,0.001828,0.001754,4.088103
131,10,0.000000,0.000000,0.000000
132,0,0.000000,0.000000,0.000000
132,1,0.001758,0.001686,4.118658
132,2,0.003344,0.003207,4.118658
132,3,0.004603,0.004414,4.118658
132,4,0.005411,0.005188,4.118658
132,5,0.005690,0.005455,4.118658
132,6,0.005411,0.005188,4.118658
132,7,0.004603,0.004414,4.118658
132,8,0.003344,0.003207,4.118658
132,9,0.001758,0.001686,4.118658
132,10,0.000000,0.000000,0.000000
133,0,0.000000,0.000000,0.000000
133,1,0.001691,0.001621,4.149204
133,2,0.003216,0.003082,4.149204
133,3,0.004426,0.004243,4.149204
133,4,0.005203,0.004988,4.149204
133,5,0.005471,0.005244,4.149204
133,6,0.005203,0.004988,4.149204
133,7,0.004426,0.004243,4.149204
133,8,0.003216,0.003082,4.149204
133,9,0.001691,0.001621,4.149204
133,10,0.000000,0.000000,0.000000
134,0,0.000000,0.000000,0.000000
134,1,0.001626,0.001558,4.179740
134,2,0.003092,0.002963,4.179740
134,3,0.004256,0.004078,4.179740
134,4,0.005004,0.004794,4.179740
134,5,0.005261,0.005041,4.179740
134,6,0.005004,0.004794,4.179740
134,7,0.004256,0.004078,4.179740
134,8,0.003092,0.002963,4.179740
134,9,0.001626,0.001558,4.179740
134,10,0.000000,0.000000,0.000000
135,0,0.000000,0.000000,0.000000
135,1,0.001563,0.001498,4.210266
135,2,0.002974,0.002848,4.210266
135,3,0.004093,0.003921,4.210266
135,4,0.004811,0.004609,4.210266
135,5,0.005059,0.004846,4.210266
135,6,0.004811,0.004609,4.210266
135,7,0.004093,0.003921,4.210266
135,8,0.002974,0.002848,4.210266
135,9,0.001563,0.001498,4.210266
135,10,0.000000,0.000000,0.000000
136,0,0.000000,0.000000,0.000000
136,1,0.001503,0.001440,4.240782
136,2,0.002859,0.002738,4.240782
136,3,0.003936,0.003769,4.240782
136,4,0.004627,0.004430,4.240782
136,5,0.004865,0.004658,4.240782
136,6,0.004627,0.004430,4.240782
136,7,0.003936,0.003769,4.240782
136,8,0.002859,0.002738,4.240782
136,9,0.001503,0.001440,4.240782
136,10,0.000000,0.000000,0.000000
137,0,0.000000,0.000000,0.000000
137,1,0.001446,0.001384,4.271289
137,2,0.002750,0.002632,4.271289
137,3,0.003785,0.003623,4.271289
137,4,0.004449,0.004259,4.271289
137,5,0.004678,0.004478,4.271289
137,6,0.004449,0.004259,4.271289
137,7,0.003785,0.003623,4.271289
137,8,0.002750,0.002632,4.271289
137,9,0.001446,0.001384,4.271289
137,10,0.000000,0.000000,0.000000
138,0,0.000000,0.000000,0.000000
138,1,0.001390,0.001330,4.301786
138,2,0.002644,0.002530,4.301786
138,3,0.003639,0.003483,4.301786
138,4,0.004278,0.004094,4.301786
138,5,0.004498,0.004305,4.301786
138,6,0.004278,0.004094,4.301786
138,7,0.003639,0.003483,4.301786
138,8,0.002644,0.002530,4.301786
138,9,0.001390,0.001330,4.301786
138,10,0.000000,0.000000,0.000000
139,0,0.000000,0.000000,0.000000
139,1,0.001337,0.001279,4.332273
139,2,0.002543,0.002432,4.332273
139,3,0.003499,0.003348,4.332273
139,4,0.004114,0.003936,4.332273
139,5,0.004326,0.004138,4.332273
139,6,0.004114,0.003936,4.332273
139,7,0.003499,0.003348,4.332273
139,8,0.002543,0.002432,4.332273
139,9,0.001337,0.001279,4.332273
139,10,0.000000,0.000000,0.000000
140,0,0.000000,0.000000,0.000000
140,1,0.001285,0.001229,4.362750
140,2,0.002445,0.002338,4.362750
140,3,0.003365,0.003218,4.362750
140,4,0.003956,0.003783,4.362750
140,5,0.004159,0.003978,4.362750
140,6,0.003956,0.003783,4.362750
140,7,0.003365,0.003218,4.362750
140,8,0.002445,0.002338,4.362750
140,9,0.001285,0.001229,4.362750
140,10,0.000000,0.000000,0.000000
141,0,0.000000,0.000000,0.000000
141,1,0.001236,0.001182,4.393218
141,2,0.002351,0.002248,4.393218
141,3,0.003236,0.003094,4.393218
141,4,0.003804,0.003637,4.393218
141,5,0.004000,0.003824,4.393218
141,6,0.003804,0.003637,4.393218
141,7,0.003236,0.003094,4.393218
141,8,0.002351,0.002248,4.393218
141,9,0.001236,0.001182,4.393218
141,10,0.000000,0.000000,0.000000
142,0,0.000000,0.000000,0.000000
142,1,0.001189,0.001136,4.423676
142,2,0.002261,0.002161,4.423676
142,3,0.003112,0.002974,4.423676
142,4,0.003658,0.003496,4.423676
142,5,0.003846,0.003676,4.423676
142,6,0.003658,0.003496,4.423676
142,7,0.003112,0.002974,4.423676
142,8,0.002261,0.002161,4.423676
142,9,0.001189,0.001136,4.423676
142,10,0.000000,0.000000,0.000000
143,0,0.000000,0.000000,0.000000
143,1,0.001143,0.001092,4.454125
143,2,0.002174,0.002077,4.454125
143,3,0.002992,0.002859,4.454125
143,4,0.003517,0.003361,4.454125
143,5,0.003698,0.003534,4.454125
143,6,0.003517,0.003361,4.454125
143,7,0.002992,0.002859,4.454125
143,8,0.002174,0.002077,4.454125
143,9,0.001143,0.001092,4.454125
143,10,0.000000,0.000000,0.000000
144,0,0.000000,0.000000,0.000000
144,1,0.001099,0.001050,4.484563
144,2,0.002090,0.001997,4.484563
144,3,0.002877,0.002748,4.484563
144,4,0.003382,0.003231,4.484563
144,5,0.003556,0.003397,4.484563
144,6,0.003382,0.003231,4.484563
144,7,0.002877,0.002748,4.484563
144,8,0.002090,0.001997,4.484563
144,9,0.001099,0.001050,4.484563
144,10,0.000000,0.000000,0.000000
145,0,0.000000,0.000000,0.000000
145,1,0.001057,0.001009,4.514992
145,2,0.002010,0.001919,4.514992
145,3,0.002767,0.002642,4.514992
145,4,0.003252,0.003106,4.514992
145,5,0.003420,0.003265,4.514992
145,6,0.003252,0.003106,4.514992
145,7,0.002767,0.002642,4.514992
145,8,0.002010,0.001919,4.514992
145,9,0.001057,0.001009,4.514992
145,10,0.000000,0.000000,0.000000
146,0,0.000000,0.000000,0.000000
146,1,0.001016,0.000970,4.545411
146,2,0.001933,0.001845,4.545411
146,3,0.002660,0.002540,4.545411
146,4,0.003128,0.002985,4.545411
146,5,0.003288,0.003139,4.545411
146,6,0.003128,0.002985,4.545411
146,7,0.002660,0.002540,4.545411
146,8,0.001933,0.001845,4.545411
146,9,0.001016,0.000970,4.545411
146,10,0.000000,0.000000,0.000000
147,0,0.000000,0.000000,0.000000
147,1,0.000977,0.000932,4.575821
147,2,0.001859,0.001774,4.575821
147,3,0.002558,0.002441,4.575821
147,4,0.003007,0.002870,4.575821
147,5,0.003162,0.003017,4.575821
147,6,0.003007,0.002870,4.575821
147,7,0.002558,0.002441,4.575821
147,8,0.001859,0.001774,4.575821
147,9,0.000977,0.000932,4.575821
147,10,0.000000,0.000000,0.000000
148,0,0.000000,0.000000,0.000000
148,1,0.000940,0.000896,4.606221
148,2,0.001787,0.001705,4.606221
148,3,0.002460,0.002347,4.606221
148,4,0.002892,0.002759,4.606221
148,5,0.003041,0.002901,4.606221
148,6,0.002892,0.002759,4.606221
148,7,0.002460,0.002347,4.606221
148,8,0.001787,0.001705,4.606221
148,9,0.000940,0.000896,4.606221
148,10,0.000000,0.000000,0.000000
149,0,0.000000,0.000000,0.000000
149,1,0.000904,0.000862,4.636611
149,2,0.001719,0.001639,4.636611
149,3,0.002366,0.002256,4.636611
149,4,0.002781,0.002652,4.636611
149,5,0.002924,0.002788,4.636611
149,6,0.002781,0.002652,4.636611
149,7,0.002366,0.002256,4.636611
149,8,0.001719,0.001639,4.636611
149,9,0.000904,0.000862,4.636611
149,10,0.000000,0.000000,0.000000
150,0,0.000000,0.000000,0.000000
150,1,0.000869,0.000828,4.666992
150,2,0.001653,0.001576,4.666992
150,3,0.002275,0.002169,4.666992
150,4,0.002674,0.002549,4.666992
150,5,0.002812,0.002680,4.666992
150,6,0.002674,0.002549,4.666992
150,7,0.002275,0.002169,4.666992
150,8,0.001653,0.001576,4.666992
150,9,0.000869,0.000828,4.666992
150,10,0.000000,0.000000,0.000000
151,0,0.000000,0.000000,0.000000
151,1,0.000835,0.000796,4.697362
151,2,0.001589,0.001515,4.697362
151,3,0.002187,0.002085,4.697362
151,4,0.002571,0.002451,4.697362
151,5,0.002704,0.002577,4.697362
151,6,0.002571,0.002451,4.697362
151,7,0.002187,0.002085,4.697362
151,8,0.001589,0.001515,4.697362
151,9,0.000835,0.000796,4.697362
151,10,0.000000,0.000000,0.000000
152,0,0.000000,0.000000,0.000000
152,1,0.000803,0.000765,4.727724
152,2,0.001528,0.001456,4.727724
152,3,0.002103,0.002004,4.727724
152,4,0.002473,0.002356,4.727724
152,5,0.002600,0.002477,4.727724
152,6,0.002473,0.002356,4.727724
152,7,0.002103,0.002004,4.727724
152,8,0.001528,0.001456,4.727724
152,9,0.000803,0.000765,4.727724
152,10,0.000000,0.000000,0.000000
153,0,0.000000,0.000000,0.000000
153,1,0.000773,0.000736,4.758075
153,2,0.001469,0.001400,4.758075
153,3,0.002023,0.001926,4.758075
153,4,0.002378,0.002265,4.758075
153,5,0.002500,0.002381,4.758075
153,6,0.002378,0.002265,4.758075
153,7,0.002023,0.001926,4.758075
153,8,0.001469,0.001400,4.758075
153,9,0.000773,0.000736,4.758075
153,10,0.000000,0.000000,0.000000
154,0,0.000000,0.000000,0.000000
154,1,0.000743,0.000707,4.788417
154,2,0.001413,0.001345,4.788417
154,3,0.001945,0.001852,4.788417
154,4,0.002286,0.002177,4.788417
154,5,0.002404,0.002289,4.788417
154,6,0.002286,0.002177,4.788417
154,7,0.001945,0.001852,4.788417
154,8,0.001413,0.001345,4.788417
154,9,0.000743,0.000707,4.788417
154,10,0.000000,0.000000,0.000000
155,0,0.000000,0.000000,0.000000
155,1,0.000714,0.000680,4.818749
155,2,0.001359,0.001293,4.818749
155,3,0.001870,0.001780,4.818749
155,4,0.002199,0.002093,4.818749
155,5,0.002312,0.002200,4.818749
155,6,0.002199,0.002093,4.818749
155,7,0.001870,0.001780,4.818749
155,8,0.001359,0.001293,4.818749
155,9,0.000714,0.000680,4.818749
155,10,0.000000,0.000000,0.000000
156,0,0.000000,0.000000,0.000000
156,1,0.000687,0.000654,4.849072
156,2,0.001307,0.001243,4.849072
156,3,0.001798,0.001711,4.849072
156,4,0.002114,0.002012,4.849072
156,5,0.002223,0.002115,4.849072
156,6,0.002114,0.002012,4.849072
156,7,0.001798,0.001711,4.849072
156,8,0.001307,0.001243,4.849072
156,9,0.000687,0.000654,4.849072
156,10,0.000000,0.000000,0.000000
157,0,0.000000,0.000000,0.000000
157,1,0.000661,0.000628,4.879384
157,2,0.001256,0.001195,4.879384
157,3,0.001729,0.001645,4.879384
157,4,0.002033,0.001934,4.879384
157,5,0.002138,0.002033,4.879384
157,6,0.002033,0.001934,4.879384
157,7,0.001729,0.001645,4.879384
157,8,0.001256,0.001195,4.879384
157,9,0.000661,0.000628,4.879384
157,10,0.000000,0.000000,0.000000
158,0,0.000000,0.000000,0.000000
158,1,0.000635,0.000604,4.909688
158,2,0.001208,0.001149,4.909688
158,3,0.001663,0.001581,4.909688
158,4,0.001955,0.001859,4.909688
158,5,0.002055,0.001955,4.909688
158,6,0.001955,0.001859,4.909688
158,7,0.001663,0.001581,4.909688
158,8,0.001208,0.001149,4.909688
158,9,0.000635,0.000604,4.909688
158,10,0.000000,0.000000,0.000000
159,0,0.000000,0.000000,0.000000
159,1,0.000611,0.000581,4.939981
159,2,0.001162,0.001104,4.939981
159,3,0.001599,0.001520,4.939981
159,4,0.001880,0.001787,4.939981
159,5,0.001977,0.001879,4.939981
159,6,0.001880,0.001787,4.939981
159,7,0.001599,0.001520,4.939981
159,8,0.001162,0.001104,4.939981
159,9,0.000611,0.000581,4.939981
159,10,0.000000,0.000000,0.000000
160,0,0.000000,0.000000,0.000000
160,1,0.000587,0.000558,4.970265
160,2,0.001117,0.001062,4.970265
160,3,0.001538,0.001461,4.970265
160,4,0.001808,0.001718,4.970265
160,5,0.001901,0.001806,4.970265
160,6,0.001808,0.001718,4.970265
160,7,0.001538,0.001461,4.970265
160,8,0.001117,0.001062,4.970265
160,9,0.000587,0.000558,4.970265
160,10,0.000000,0.000000,0.000000
161,0,0.000000,0.000000,0.000000
161,1,0.000565,0.000537,5.000539
161,2,0.001074,0.001021,5.000539
161,3,0.001479,0.001405,5.000539
161,4,0.001738,0.001651,5.000539
161,5,0.001828,0.001736,5.000539
161,6,0.001738,0.001651,5.000539
161,7,0.001479,0.001405,5.000539
161,8,0.001074,0.001021,5.000539
161,9,0.000565,0.000537,5.000539
161,10,0.000000,0.000000,0.000000
162,0,0.000000,0.000000,0.000000
162,1,0.000543,0.000516,5.030804
162,2,0.001033,0.000981,5.030804
162,3,0.001422,0.001350,5.030804
162,4,0.001671,0.001587,5.030804
162,5,0.001757,0.001669,5.030804
162,6,0.001671,0.001587,5.030804
162,7,0.001422,0.001350,5.030804
162,8,0.001033,0.000981,5.030804
162,9,0.000543,0.000516,5.030804
162,10,0.000000,0.000000,0.000000
163,0,0.000000,0.000000,0.000000
163,1,0.000522,0.000496,5.061059
163,2,0.000993,0.000943,5.061059
163,3,0.001367,0.001298,5.061059
163,4,0.001607,0.001526,5.061059
163,5,0.001690,0.001604,5.061059
163,6,0.001607,0.001526,5.061059
163,7,0.001367,0.001298,5.061059
163,8,0.000993,0.000943,5.061059
163,9,0.000522,0.000496,5.061059
163,10,0.000000,0.000000,0.000000
164,0,0.000000,0.000000,0.000000
164,1,0.000502,0.000477,5.091304
164,2,0.000955,0.000907,5.091304
164,3,0.001315,0.001248,5.091304
164,4,0.001546,0.001467,5.091304
164,5,0.001625,0.001542,5.091304
164,6,0.001546,0.001467,5.091304
164,7,0.001315,0.001248,5.091304
164,8,0.000955,0.000907,5.091304
164,9,0.000502,0.000477,5.091304
164,10,0.000000,0.000000,0.000000
165,0,0.000000,0.000000,0.000000
165,1,0.000483,0.000458,5.121540
165,2,0.000919,0.000871,5.121540
165,3,0.001264,0.001199,5.121540
165,4,0.001486,0.001410,5.121540
165,5,0.001563,0.001483,5.121540
165,6,0.001486,0.001410,5.121540
165,7,0.001264,0.001199,5.121540
165,8,0.000919,0.000871,5.121540
165,9,0.000483,0.000458,5.121540
165,10,0.000000,0.000000,0.000000
166,0,0.000000,0.000000,0.000000
166,1,0.000464,0.000440,5.151766
166,2,0.000883,0.000838,5.151766
166,3,0.001216,0.001153,5.151766
166,4,0.001429,0.001355,5.151766
166,5,0.001503,0.001425,5.151766
166,6,0.001429,0.001355,5.151766
166,7,0.001216,0.001153,5.151766
166,8,0.000883,0.000838,5.151766
166,9,0.000464,0.000440,5.151766
166,10,0.000000,0.000000,0.000000
167,0,0.000000,0.000000,0.000000
167,1,0.000447,0.000423,5.181982
167,2,0.000849,0.000805,5.181982
167,3,0.001169,0.001108,5.181982
167,4,0.001374,0.001303,5.181982
167,5,0.001445,0.001370,5.181982
167,6,0.001374,0.001303,5.181982
167,7,0.001169,0.001108,5.181982
167,8,0.000849,0.000805,5.181982
167,9,0.000447,0.000423,5.181982
167,10,0.000000,0.000000,0.000000
168,0,0.000000,0.000000,0.000000
168,1,0.000429,0.000407,5.212189
168,2,0.000817,0.000774,5.212189
168,3,0.001124,0.001066,5.212189
168,4,0.001321,0.001253,5.212189
168,5,0.001389,0.001317,5.212189
168,6,0.001321,0.001253,5.212189
168,7,0.001124,0.001066,5.212189
168,8,0.000817,0.000774,5.212189
168,9,0.000429,0.000407,5.212189
168,10,0.000000,0.000000,0.000000
169,0,0.000000,0.000000,0.000000
169,1,0.000413,0.000391,5.242386
169,2,0.000785,0.000744,5.242386
169,3,0.001081,0.001024,5.242386
169,4,0.001271,0.001204,5.242386
169,5,0.001336,0.001266,5.242386
169,6,0.001271,0.001204,5.242386
169,7,0.001081,0.001024,5.242386
169,8,0.000785,0.000744,5.242386
169,9,0.000413,0.000391,5.242386
169,10,0.000000,0.000000,0.000000
170,0,0.000000,0.000000,0.000000
170,1,0.000397,0.000376,5.272574
170,2,0.000755,0.000715,5.272574
170,3,0.001039,0.000985,5.272574
170,4,0.001222,0.001157,5.272574
170,5,0.001285,0.001217,5.272574
170,6,0.001222,0.001157,5.272574
170,7,0.001039,0.000985,5.272574
170,8,0.000755,0.000715,5.272574
170,9,0.000397,0.000376,5.272574
170,10,0.000000,0.000000,0.000000
171,0,0.000000,0.000000,0.000000
171,1,0.000382,0.000362,5.302752
171,2,0.000726,0.000688,5.302752
171,3,0.000999,0.000946,5.302752
171,4,0.001175,0.001113,5.302752
171,5,0.001235,0.001170,5.302752
171,6,0.001175,0.001113,5.302752
171,7,0.000999,0.000946,5.302752
171,8,0.000726,0.000688,5.302752
171,9,0.000382,0.000362,5.302752
171,10,0.000000,0.000000,0.000000
172,0,0.000000,0.000000,0.000000
172,1,0.000367,0.000348,5.332920
172,2,0.000698,0.000661,5.332920
172,3,0.000961,0.000910,5.332920
172,4,0.001130,0.001070,5.332920
172,5,0.001188,0.001125,5.332920
172,6,0.001130,0.001070,5.332920
172,7,0.000961,0.000910,5.332920
172,8,0.000698,0.000661,5.332920
172,9,0.000367,0.000348,5.332920
172,10,0.000000,0.000000,0.000000
173,0,0.000000,0.000000,0.000000
173,1,0.000353,0.000334,5.363079
173,2,0.000671,0.000635,5.363079
173,3,0.000924,0.000875,5.363079
173,4,0.001086,0.001028,5.363079
173,5,0.001142,0.001081,5.363079
173,6,0.001086,0.001028,5.363079
173,7,0.000924,0.000875,5.363079
173,8,0.000671,0.000635,5.363079
173,9,0.000353,0.000334,5.363079
173,10,0.000000,0.000000,0.000000
174,0,0.000000,0.000000,0.000000
174,1,0.000339,0.000321,5.393228
174,2,0.000646,0.000611,5.393228
174,3,0.000889,0.000841,5.393228
174,4,0.001045,0.000988,5.393228
174,5,0.001099,0.001039,5.393228
174,6,0.001045,0.000988,5.393228
174,7,0.000889,0.000841,5.393228
174,8,0.000646,0.000611,5.393228
174,9,0.000339,0.000321,5.393228
174,10,0.000000,0.000000,0.000000
175,0,0.000000,0.000000,0.000000
175,1,0.000326,0.000309,5.423367
175,2,0.000621,0.000587,5.423367
175,3,0.000855,0.000808,5.423367
175,4,0.001005,0.000950,5.423367
175,5,0.001056,0.000999,5.423367
175,6,0.001005,0.000950,5.423367
175,7,0.000855,0.000808,5.423367
175,8,0.000621,0.000587,5.423367
175,9,0.000326,0.000309,5.423367
175,10,0.000000,0.000000,0.000000
176,0,0.000000,0.000000,0.000000
176,1,0.000314,0.000297,5.453497
176,2,0.000597,0.000564,5.453497
176,3,0.000822,0.000777,5.453497
176,4,0.000966,0.000913,5.453497
176,5,0.001016,0.000960,5.453497
176,6,0.000966,0.000913,5.453497
176,7,0.000822,0.000777,5.453497
176,8,0.000597,0.000564,5.453497
176,9,0.000314,0.000297,5.453497
176,10,0.000000,0.000000,0.000000
177,0,0.000000,0.000000,0.000000
177,1,0.000302,0.000285,5.483617
177,2,0.000574,0.000543,5.483617
177,3,0.000790,0.000747,5.483617
177,4,0.000929,0.000878,5.483617
177,5,0.000977,0.000923,5.483617
177,6,0.000929,0.000878,5.483617
177,7,0.000790,0.000747,5.483617
177,8,0.000574,0.000543,5.483617
177,9,0.000302,0.000285,5.483617
177,10,0.000000,0.000000,0.000000
178,0,0.000000,0.000000,0.000000
178,1,0.000290,0.000274,5.513728
178,2,0.000552,0.000522,5.513728
178,3,0.000760,0.000718,5.513728
178,4,0.000893,0.000844,5.513728
178,5,0.000939,0.000887,5.513728
178,6,0.000893,0.000844,5.513728
178,7,0.000760,0.000718,5.513728
178,8,0.000552,0.000522,5.513728
178,9,0.000290,0.000274,5.513728
178,10,0.000000,0.000000,0.000000
179,0,0.000000,0.000000,0.000000
179,1,0.000279,0.000264,5.543829
179,2,0.000531,0.000501,5.543829
179,3,0.000731,0.000690,5.543829
179,4,0.000859,0.000811,5.543829
179,5,0.000903,0.000853,5.543829
179,6,0.000859,0.000811,5.543829
179,7,0.000731,0.000690,5.543829
179,8,0.000531,0.000501,5.543829
179,9,0.000279,0.000264,5.543829
179,10,0.000000,0.000000,0.000000
180,0,0.000000,0.000000,0.000000
180,1,0.000268,0.000253,5.573921
180,2,0.000510,0.000482,5.573921
180,3,0.000703,0.000663,5.573921
180,4,0.000826,0.000780,5.573921
180,5,0.000868,0.000820,5.573921
180,6,0.000826,0.000780,5.573921
180,7,0.000703,0.000663,5.573921
180,8,0.000510,0.000482,5.573921
180,9,0.000268,0.000253,5.573921
180,10,0.000000,0.000000,0.000000
181,0,0.000000,0.000000,0.000000
181,1,0.000258,0.000244,5.604003
181,2,0.000491,0.000463,5.604003
181,3,0.000676,0.000638,5.604003
181,4,0.000794,0.000750,5.604003
181,5,0.000835,0.000788,5.604003
181,6,0.000794,0.000750,5.604003
181,7,0.000676,0.000638,5.604003
181,8,0.000491,0.000463,5.604003
181,9,0.000258,0.000244,5.604003
181,10,0.000000,0.000000,0.000000
182,0,0.000000,0.000000,0.000000
182,1,0.000248,0.000234,5.634075
182,2,0.000472,0.000445,5.634075
182,3,0.000650,0.000613,5.634075
182,4,0.000764,0.000721,5.634075
182,5,0.000803,0.000758,5.634075
182,6,0.000764,0.000721,5.634075
182,7,0.000650,0.000613,5.634075
182,8,0.000472,0.000445,5.634075
182,9,0.000248,0.000234,5.634075
182,10,0.000000,0.000000,0.000000
183,0,0.000000,0.000000,0.000000
183,1,0.000239,0.000225,5.664138
183,2,0.000454,0.000428,5.664138
183,3,0.000625,0.000589,5.664138
183,4,0.000734,0.000693,5.664138
183,5,0.000772,0.000728,5.664138
183,6,0.000734,0.000693,5.664138
183,7,0.000625,0.000589,5.664138
183,8,0.000454,0.000428,5.664138
183,9,0.000239,0.000225,5.664138
183,10,0.000000,0.000000,0.000000
184,0,0.000000,0.000000,0.000000
184,1,0.000229,0.000216,5.694191
184,2,0.000436,0.000412,5.694191
184,3,0.000601,0.000567,5.694191
184,4,0.000706,0.000666,5.694191
184,5,0.000743,0.000700,5.694191
184,6,0.000706,0.000666,5.694191
184,7,0.000601,0.000567,5.694191
184,8,0.000436,0.000412,5.694191
184,9,0.000229,0.000216,5.694191
184,10,0.000000,0.000000,0.000000
185,0,0.000000,0.000000,0.000000
185,1,0.000221,0.000208,5.724234
185,2,0.000420,0.000396,5.724234
185,3,0.000578,0.000545,5.724234
185,4,0.000679,0.000640,5.724234
185,5,0.000714,0.000673,5.724234
185,6,0.000679,0.000640,5.724234
185,7,0.000578,0.000545,5.724234
185,8,0.000420,0.000396,5.724234
185,9,0.000221,0.000208,5.724234
185,10,0.000000,0.000000,0.000000
186,0,0.000000,0.000000,0.000000
186,1,0.000212,0.000200,5.754268
186,2,0.000404,0.000380,5.754268
186,3,0.000555,0.000524,5.754268
186,4,0.000653,0.000615,5.754268
186,5,0.000687,0.000647,5.754268
186,6,0.000653,0.000615,5.754268
186,7,0.000555,0.000524,5.754268
186,8,0.000404,0.000380,5.754268
186,9,0.000212,0.000200,5.754268
186,10,0.000000,0.000000,0.000000
187,0,0.000000,0.000000,0.000000
187,1,0.000204,0.000192,5.784293
187,2,0.000388,0.000366,5.784293
187,3,0.000534,0.000503,5.784293
187,4,0.000628,0.000592,5.784293
187,5,0.000660,0.000622,5.784293
187,6,0.000628,0.000592,5.784293
187,7,0.000534,0.000503,5.784293
187,8,0.000388,0.000366,5.784293
187,9,0.000204,0.000192,5.784293
187,10,0.000000,0.000000,0.000000
188,0,0.000000,0.000000,0.000000
188,1,0.000196,0.000185,5.814308
188,2,0.000373,0.000351,5.814308
188,3,0.000514,0.000484,5.814308
188,4,0.000604,0.000569,5.814308
188,5,0.000635,0.000598,5.814308
188,6,0.000604,0.000569,5.814308
188,7,0.000514,0.000484,5.814308
188,8,0.000373,0.000351,5.814308
188,9,0.000196,0.000185,5.814308
188,10,0.000000,0.000000,0.000000
189,0,0.000000,0.000000,0.000000
189,1,0.000189,0.000178,5.844313
189,2,0.000359,0.000338,5.844313
189,3,0.000494,0.000465,5.844313
189,4,0.000581,0.000547,5.844313
189,5,0.000611,0.000575,5.844313
189,6,0.000581,0.000547,5.844313
189,7,0.000494,0.000465,5.844313
189,8,0.000359,0.000338,5.844313
189,9,0.000189,0.000178,5.844313
189,10,0.000000,0.000000,0.000000
190,0,0.000000,0.000000,0.000000
190,1,0.000181,0.000171,5.874309
190,2,0.000345,0.000325,5.874309
190,3,0.000475,0.000447,5.874309
190,4,0.000558,0.000526,5.874309
190,5,0.000587,0.000553,5.874309
190,6,0.000558,0.000526,5.874309
190,7,0.000475,0.000447,5.874309
190,8,0.000345,0.000325,5.874309
190,9,0.000181,0.000171,5.874309
190,10,0.000000,0.000000,0.000000
191,0,0.000000,0.000000,0.000000
191,1,0.000174,0.000164,5.904295
191,2,0.000332,0.000312,5.904295
191,3,0.000457,0.000430,5.904295
191,4,0.000537,0.000505,5.904295
191,5,0.000565,0.000531,5.904295
191,6,0.000537,0.000505,5.904295
191,7,0.000457,0.000430,5.904295
191,8,0.000332,0.000312,5.904295
191,9,0.000174,0.000164,5.904295
191,10,0.000000,0.000000,0.000000
192,0,0.000000,0.000000,0.000000
192,1,0.000168,0.000158,5.934272
192,2,0.000319,0.000300,5.934272
192,3,0.000439,0.000413,5.934272
192,4,0.000516,0.000486,5.934272
192,5,0.000543,0.000511,5.934272
192,6,0.000516,0.000486,5.934272
192,7,0.000439,0.000413,5.934272
192,8,0.000319,0.000300,5.934272
192,9,0.000168,0.000158,5.934272
192,10,0.000000,0.000000,0.000000
193,0,0.000000,0.000000,0.000000
193,1,0.000161,0.000152,5.964239
193,2,0.000307,0.000289,5.964239
193,3,0.000422,0.000397,5.964239
193,4,0.000496,0.000467,5.964239
193,5,0.000522,0.000491,5.964239
193,6,0.000496,0.000467,5.964239
193,7,0.000422,0.000397,5.964239
193,8,0.000307,0.000289,5.964239
193,9,0.000161,0.000152,5.964239
193,10,0.000000,0.000000,0.000000
194,0,0.000000,0.000000,0.000000
194,1,0.000155,0.000146,5.994197
194,2,0.000295,0.000277,5.994197
194,3,0.000406,0.000382,5.994197
194,4,0.000477,0.000449,5.994197
194,5,0.000502,0.000472,5.994197
194,6,0.000477,0.000449,5.994197
194,7,0.000406,0.000382,5.994197
194,8,0.000295,0.000277,5.994197
194,9,0.000155,0.000146,5.994197
194,10,0.000000,0.000000,0.000000
195,0,0.000000,0.000000,0.000000
195,1,0.000149,0.000140,6.024145
195,2,0.000284,0.000267,6.024145
195,3,0.000390,0.000367,6.024145
195,4,0.000459,0.000431,6.024145
195,5,0.000483,0.000454,6.024145
195,6,0.000459,0.000431,6.024145
195,7,0.000390,0.000367,6.024145
195,8,0.000284,0.000267,6.024145
195,9,0.000149,0.000140,6.024145
195,10,0.000000,0.000000,0.000000
196,0,0.000000,0.000000,0.000000
196,1,0.000143,0.000135,6.054083
196,2,0.000273,0.000256,6.054083
196,3,0.000375,0.000353,6.054083
196,4,0.000441,0.000415,6.054083
196,5,0.000464,0.000436,6.054083
196,6,0.000441,0.000415,6.054083
196,7,0.000375,0.000353,6.054083
196,8,0.000273,0.000256,6.054083
196,9,0.000143,0.000135,6.054083
196,10,0.000000,0.000000,0.000000
197,0,0.000000,0.000000,0.000000
197,1,0.000138,0.000130,6.084012
197,2,0.000262,0.000246,6.084012
197,3,0.000361,0.000339,6.084012
197,4,0.000424,0.000399,6.084012
197,5,0.000446,0.000419,6.084012
197,6,0.000424,0.000399,6.084012
197,7,0.000361,0.000339,6.084012
197,8,0.000262,0.000246,6.084012
197,9,0.000138,0.000130,6.084012
197,10,0.000000,0.000000,0.000000
198,0,0.000000,0.000000,0.000000
198,1,0.000133,0.000125,6.113931
198,2,0.000252,0.000237,6.113931
198,3,0.000347,0.000326,6.113931
198,4,0.000408,0.000383,6.113931
198,5,0.000429,0.000403,6.113931
198,6,0.000408,0.000383,6.113931
198,7,0.000347,0.000326,6.113931
198,8,0.000252,0.000237,6.113931
198,9,0.000133,0.000125,6.113931
198,10,0.000000,0.000000,0.000000
199,0,0.000000,0.000000,0.000000
199,1,0.000128,0.000120,6.143841
199,2,0.000243,0.000228,6.143841
199,3,0.000334,0.000313,6.143841
199,4,0.000392,0.000368,6.143841
199,5,0.000413,0.000387,6.143841
199,6,0.000392,0.000368,6.143841
199,7,0.000334,0.000313,6.143841
199,8,0.000243,0.000228,6.143841
199,9,0.000128,0.000120,6.143841
199,10,0.000000,0.000000,0.000000
200,0,0.000000,0.000000,0.000000
200,1,0.000123,0.000115,6.173742
200,2,0.000233,0.000219,6.173742
200,3,0.000321,0.000301,6.173742
200,4,0.000377,0.000354,6.173742
200,5,0.000397,0.000372,6.173742
200,6,0.000377,0.000354,6.173742
200,7,0.000321,0.000301,6.173742
200,8,0.000233,0.000219,6.173742
200,9,0.000123,0.000115,6.173742
200,10,0.000000,0.000000,0.000000
201,0,0.000000,0.000000,0.000000
201,1,0.000118,0.000111,6.203633
201,2,0.000224,0.000210,6.203633
201,3,0.000309,0.000290,6.203633
201,4,0.000363,0.000340,6.203633
201,5,0.000382,0.000358,6.203633
201,6,0.000363,0.000340,6.203633
201,7,0.000309,0.000290,6.203633
201,8,0.000224,0.000210,6.203633
201,9,0.000118,0.000111,6.203633
201,10,0.000000,0.000000,0.000000
202,0,0.000000,0.000000,0.000000
202,1,0.000113,0.000106,6.233514
202,2,0.000216,0.000202,6.233514
202,3,0.000297,0.000278,6.233514
202,4,0.000349,0.000327,6.233514
202,5,0.000367,0.000344,6.233514
202,6,0.000349,0.000327,6.233514
202,7,0.000297,0.000278,6.233514
202,8,0.000216,0.000202,6.233514
202,9,0.000113,0.000106,6.233514
202,10,0.000000,0.000000,0.000000
203,0,0.000000,0.000000,0.000000
203,1,0.000109,0.000102,6.263386
203,2,0.000207,0.000194,6.263386
203,3,0.000285,0.000268,6.263386
203,4,0.000336,0.000315,6.263386
203,5,0.000353,0.000331,6.263386
203,6,0.000336,0.000315,6.263386
203,7,0.000285,0.000268,6.263386
203,8,0.000207,0.000194,6.263386
203,9,0.000109,0.000102,6.263386
203,10,0.000000,0.000000,0.000000
204,0,0.000000,0.000000,0.000000
204,1,0.000105,0.000098,6.293248
204,2,0.000199,0.000187,6.293248
204,3,0.000275,0.000257,6.293248
204,4,0.000323,0.000302,6.293248
204,5,0.000339,0.000318,6.293248
204,6,0.000323,0.000302,6.293248
204,7,0.000275,0.000257,6.293248
204,8,0.000199,0.000187,6.293248
204,9,0.000105,0.000098,6.293248
204,10,0.000000,0.000000,0.000000
205,0,0.000000,0.000000,0.000000
205,1,0.000101,0.000094,6.323101
205,2,0.000192,0.000180,6.323101
205,3,0.000264,0.000247,6.323101
205,4,0.000310,0.000291,6.323101
205,5,0.000326,0.000306,6.323101
205,6,0.000310,0.000291,6.323101
205,7,0.000264,0.000247,6.323101
205,8,0.000192,0.000180,6.323101
205,9,0.000101,0.000094,6.323101
205,10,0.000000,0.000000,0.000000
206,0,0.000000,0.000000,0.000000
206,1,0.000097,0.000091,6.352944
206,2,0.000184,0.000173,6.352944
206,3,0.000254,0.000238,6.352944
206,4,0.000298,0.000279,6.352944
206,5,0.000314,0.000294,6.352944
206,6,0.000298,0.000279,6.352944
206,7,0.000254,0.000238,6.352944
206,8,0.000184,0.000173,6.352944
206,9,0.000097,0.000091,6.352944
206,10,0.000000,0.000000,0.000000
207,0,0.000000,0.000000,0.000000
207,1,0.000093,0.000087,6.382778
207,2,0.000177,0.000166,6.382778
207,3,0.000244,0.000229,6.382778
207,4,0.000287,0.000269,6.382778
207,5,0.000302,0.000282,6.382778
207,6,0.000287,0.000269,6.382778
207,7,0.000244,0.000229,6.382778
207,8,0.000177,0.000166,6.382778
207,9,0.000093,0.000087,6.382778
207,10,0.000000,0.000000,0.000000
208,0,0.000000,0.000000,0.000000
208,1,0.000090,0.000084,6.412602
208,2,0.000171,0.000160,6.412602
208,3,0.000235,0.000220,6.412602
208,4,0.000276,0.000258,6.412602
208,5,0.000290,0.000272,6.412602
208,6,0.000276,0.000258,6.412602
208,7,0.000235,0.000220,6.412602
208,8,0.000171,0.000160,6.412602
208,9,0.000090,0.000084,6.412602
208,10,0.000000,0.000000,0.000000
209,0,0.000000,0.000000,0.000000
209,1,0.000086,0.000081,6.442417
209,2,0.000164,0.000153,6.442417
209,3,0.000226,0.000211,6.442417
209,4,0.000265,0.000248,6.442417
209,5,0.000279,0.000261,6.442417
209,6,0.000265,0.000248,6.442417
209,7,0.000226,0.000211,6.442417
209,8,0.000164,0.000153,6.442417
209,9,0.000086,0.000081,6.442417
209,10,0.000000,0.000000,0.000000
210,0,0.000000,0.000000,0.000000
210,1,0.000083,0.000078,6.472222
210,2,0.000158,0.000147,6.472222
210,3,0.000217,0.000203,6.472222
210,4,0.000255,0.000239,6.472222
210,5,0.000268,0.000251,6.472222
210,6,0.000255,0.000239,6.472222
210,7,0.000217,0.000203,6.472222
210,8,0.000158,0.000147,6.472222
210,9,0.000083,0.000078,6.472222
210,10,0.000000,0.000000,0.000000
211,0,0.000000,0.000000,0.000000
211,1,0.000080,0.000075,6.502018
211,2,0.000152,0.000142,6.502018
211,3,0.000209,0.000195,6.502018
211,4,0.000245,0.000229,6.502018
211,5,0.000258,0.000241,6.502018
211,6,0.000245,0.000229,6.502018
211,7,0.000209,0.000195,6.502018
211,8,0.000152,0.000142,6.502018
211,9,0.000080,0.000075,6.502018
211,10,0.000000,0.000000,0.000000
212,0,0.000000,0.000000,0.000000
212,1,0.000077,0.000072,6.531804
212,2,0.000146,0.000136,6.531804
212,3,0.000201,0.000188,6.531804
212,4,0.000236,0.000221,6.531804
212,5,0.000248,0.000232,6.531804
212,6,0.000236,0.000221,6.531804
212,7,0.000201,0.000188,6.531804
212,8,0.000146,0.000136,6.531804
212,9,0.000077,0.000072,6.531804
212,10,0.000000,0.000000,0.000000
213,0,0.000000,0.000000,0.000000
213,1,0.000074,0.000069,6.561581
213,2,0.000140,0.000131,6.561581
213,3,0.000193,0.000180,6.561581
213,4,0.000227,0.000212,6.561581
213,5,0.000239,0.000223,6.561581
213,6,0.000227,0.000212,6.561581
213,7,0.000193,0.000180,6.561581
213,8,0.000140,0.000131,6.561581
213,9,0.000074,0.000069,6.561581
213,10,0.000000,0.000000,0.000000
214,0,0.000000,0.000000,0.000000
214,1,0.000071,0.000066,6.591348
214,2,0.000135,0.000126,6.591348
214,3,0.000186,0.000173,6.591348
214,4,0.000218,0.000204,6.591348
214,5,0.000229,0.000214,6.591348
214,6,0.000218,0.000204,6.591348
214,7,0.000186,0.000173,6.591348
214,8,0.000135,0.000126,6.591348
214,9,0.000071,0.000066,6.591348
214,10,0.000000,0.000000,0.000000
215,0,0.000000,0.000000,0.000000
215,1,0.000068,0.000064,6.621106
215,2,0.000130,0.000121,6.621106
215,3,0.000178,0.000167,6.621106
215,4,0.000210,0.000196,6.621106
215,5,0.000221,0.000206,6.621106
215,6,0.000210,0.000196,6.621106
215,7,0.000178,0.000167,6.621106
215,8,0.000130,0.000121,6.621106
215,9,0.000068,0.000064,6.621106
215,10,0.000000,0.000000,0.000000
216,0,0.000000,0.000000,0.000000
216,1,0.000066,0.000061,6.650854
216,2,0.000125,0.000116,6.650854
216,3,0.000172,0.000160,6.650854
216,4,0.000202,0.000188,6.650854
216,5,0.000212,0.000198,6.650854
216,6,0.000202,0.000188,6.650854
216,7,0.000172,0.000160,6.650854
216,8,0.000125,0.000116,6.650854
216,9,0.000066,0.000061,6.650854
216,10,0.000000,0.000000,0.000000
217,0,0.000000,0.000000,0.000000
217,1,0.000063,0.000059,6.680593
217,2,0.000120,0.000112,6.680593
217,3,0.000165,0.000154,6.680593
217,4,0.000194,0.000181,6.680593
217,5,0.000204,0.000190,6.680593
217,6,0.000194,0.000181,6.680593
217,7,0.000165,0.000154,6.680593
217,8,0.000120,0.000112,6.680593
217,9,0.000063,0.000059,6.680593
217,10,0.000000,0.000000,0.000000
218,0,0.000000,0.000000,0.000000
218,1,0.000061,0.000057,6.710322
218,2,0.000115,0.000108,6.710322
218,3,0.000159,0.000148,6.710322
218,4,0.000187,0.000174,6.710322
218,5,0.000196,0.000183,6.710322
218,6,0.000187,0.000174,6.710322
218,7,0.000159,0.000148,6.710322
218,8,0.000115,0.000108,6.710322
218,9,0.000061,0.000057,6.710322
218,10,0.000000,0.000000,0.000000
219,0,0.000000,0.000000,0.000000
219,1,0.000058,0.000054,6.740042
219,2,0.000111,0.000103,6.740042
219,3,0.000153,0.000142,6.740042
219,4,0.000179,0.000167,6.740042
219,5,0.000189,0.000176,6.740042
219,6,0.000179,0.000167,6.740042
219,7,0.000153,0.000142,6.740042
219,8,0.000111,0.000103,6.740042
219,9,0.000058,0.000054,6.740042
219,10,0.000000,0.000000,0.000000
220,0,0.000000,0.000000,0.000000
220,1,0.000056,0.000052,6.769752
220,2,0.000107,0.000099,6.769752
220,3,0.000147,0.000137,6.769752
220,4,0.000172,0.000161,6.769752
220,5,0.000181,0.000169,6.769752
220,6,0.000172,0.000161,6.769752
220,7,0.000147,0.000137,6.769752
220,8,0.000107,0.000099,6.769752
220,9,0.000056,0.000052,6.769752
220,10,0.000000,0.000000,0.000000
221,0,0.000000,0.000000,0.000000
221,1,0.000054,0.000050,6.799453
221,2,0.000102,0.000096,6.799453
221,3,0.000141,0.000131,6.799453
221,4,0.000166,0.000155,6.799453
221,5,0.000174,0.000163,6.799453
221,6,0.000166,0.000155,6.799453
221,7,0.000141,0.000131,6.799453
221,8,0.000102,0.000096,6.799453
221,9,0.000054,0.000050,6.799453
221,10,0.000000,0.000000,0.000000
222,0,0.000000,0.000000,0.000000
222,1,0.000052,0.000048,6.829145
222,2,0.000099,0.000092,6.829145
222,3,0.000136,0.000126,6.829145
222,4,0.000159,0.000149,6.829145
222,5,0.000168,0.000156,6.829145
222,6,0.000159,0.000149,6.829145
222,7,0.000136,0.000126,6.829145
222,8,0.000099,0.000092,6.829145
222,9,0.000052,0.000048,6.829145
222,10,0.000000,0.000000,0.000000
223,0,0.000000,0.000000,0.000000
223,1,0.000050,0.000046,6.858827
223,2,0.000095,0.000088,6.858827
223,3,0.000130,0.000121,6.858827
223,4,0.000153,0.000143,6.858827
223,5,0.000161,0.000150,6.858827
223,6,0.000153,0.000143,6.858827
223,7,0.000130,0.000121,6.858827
223,8,0.000095,0.000088,6.858827
223,9,0.000050,0.000046,6.858827
223,10,0.000000,0.000000,0.000000
224,0,0.000000,0.000000,0.000000
224,1,0.000048,0.000045,6.888500
224,2,0.000091,0.000085,6.888500
224,3,0.000125,0.000117,6.888500
224,4,0.000147,0.000137,6.888500
224,5,0.000155,0.000144,6.888500
224,6,0.000147,0.000137,6.888500
224,7,0.000125,0.000117,6.888500
224,8,0.000091,0.000085,6.888500
224,9,0.000048,0.000045,6.888500
224,10,0.000000,0.000000,0.000000
225,0,0.000000,0.000000,0.000000
225,1,0.000046,0.000043,6.918163
225,2,0.000088,0.000082,6.918163
225,3,0.000121,0.000112,6.918163
225,4,0.000142,0.000132,6.918163
225,5,0.000149,0.000139,6.918163
225,6,0.000142,0.000132,6.918163
225,7,0.000121,0.000112,6.918163
225,8,0.000088,0.000082,6.918163
225,9,0.000046,0.000043,6.918163
225,10,0.000000,0.000000,0.000000
226,0,0.000000,0.000000,0.000000
226,1,0.000044,0.000041,6.947816
226,2,0.000084,0.000078,6.947816
226,3,0.000116,0.000108,6.947816
226,4,0.000136,0.000127,6.947816
226,5,0.000143,0.000133,6.947816
226,6,0.000136,0.000127,6.947816
226,7,0.000116,0.000108,6.947816
226,8,0.000084,0.000078,6.947816
226,9,0.000044,0.000041,6.947816
226,10,0.000000,0.000000,0.000000
227,0,0.000000,0.000000,0.000000
227,1,0.000043,0.000040,6.977461
227,2,0.000081,0.000075,6.977461
227,3,0.000112,0.000104,6.977461
227,4,0.000131,0.000122,6.977461
227,5,0.000138,0.000128,6.977461
227,6,0.000131,0.000122,6.977461
227,7,0.000112,0.000104,6.977461
227,8,0.000081,0.000075,6.977461
227,9,0.000043,0.000040,6.977461
227,10,0.000000,0.000000,0.000000
228,0,0.000000,0.000000,0.000000
228,1,0.000041,0.000038,7.007095
228,2,0.000078,0.000072,7.007095
228,3,0.000107,0.000100,7.007095
228,4,0.000126,0.000117,7.007095
228,5,0.000133,0.000123,7.007095
228,6,0.000126,0.000117,7.007095
228,7,0.000107,0.000100,7.007095
228,8,0.000078,0.000072,7.007095
228,9,0.000041,0.000038,7.007095
228,10,0.000000,0.000000,0.000000
229,0,0.000000,0.000000,0.000000
229,1,0.000039,0.000037,7.036721
229,2,0.000075,0.000070,7.036721
229,3,0.000103,0.000096,7.036721
229,4,0.000121,0.000113,7.036721
229,5,0.000127,0.000119,7.036721
229,6,0.000121,0.000113,7.036721
229,7,0.000103,0.000096,7.036721
229,8,0.000075,0.000070,7.036721
229,9,0.000039,0.000037,7.036721
229,10,0.000000,0.000000,0.000000
230,0,0.000000,0.000000,0.000000
230,1,0.000038,0.000035,7.066337
230,2,0.000072,0.000067,7.066337
230,3,0.000099,0.000092,7.066337
230,4,0.000117,0.000108,7.066337
230,5,0.000123,0.000114,7.066337
230,6,0.000117,0.000108,7.066337
230,7,0.000099,0.000092,7.066337
230,8,0.000072,0.000067,7.066337
230,9,0.000038,0.000035,7.066337
230,10,0.000000,0.000000,0.000000
231,0,0.000000,0.000000,0.000000
231,1,0.000036,0.000034,7.095943
231,2,0.000069,0.000064,7.095943
231,3,0.000095,0.000089,7.095943
231,4,0.000112,0.000104,7.095943
231,5,0.000118,0.000110,7.095943
231,6,0.000112,0.000104,7.095943
231,7,0.000095,0.000089,7.095943
231,8,0.000069,0.000064,7.095943
231,9,0.000036,0.000034,7.095943
231,10,0.000000,0.000000,0.000000
232,0,0.000000,0.000000,0.000000
232,1,0.000035,0.000033,7.125540
232,2,0.000067,0.000062,7.125540
232,3,0.000092,0.000085,7.125540
232,4,0.000108,0.000100,7.125540
232,5,0.000113,0.000105,7.125540
232,6,0.000108,0.000100,7.125540
232,7,0.000092,0.000085,7.125540
232,8,0.000067,0.000062,7.125540
232,9,0.000035,0.000033,7.125540
232,10,0.000000,0.000000,0.000000
233,0,0.000000,0.000000,0.000000
233,1,0.000034,0.000031,7.155128
233,2,0.000064,0.000059,7.155128
233,3,0.000088,0.000082,7.155128
233,4,0.000104,0.000096,7.155128
233,5,0.000109,0.000101,7.155128
233,6,0.000104,0.000096,7.155128
233,7,0.000088,0.000082,7.155128
233,8,0.000064,0.000059,7.155128
233,9,0.000034,0.000031,7.155128
233,10,0.000000,0.000000,0.000000
234,0,0.000000,0.000000,0.000000
234,1,0.000032,0.000030,7.184706
234,2,0.000062,0.000057,7.184706
234,3,0.000085,0.000079,7.184706
234,4,0.000100,0.000093,7.184706
234,5,0.000105,0.000097,7.184706
234,6,0.000100,0.000093,7.184706
234,7,0.000085,0.000079,7.184706
234,8,0.000062,0.000057,7.184706
234,9,0.000032,0.000030,7.184706
234,10,0.000000,0.000000,0.000000
235,0,0.000000,0.000000,0.000000
235,1,0.000031,0.000029,7.214275
235,2,0.000059,0.000055,7.214275
235,3,0.000082,0.000076,7.214275
235,4,0.000096,0.000089,7.214275
235,5,0.000101,0.000094,7.214275
235,6,0.000096,0.000089,7.214275
235,7,0.000082,0.000076,7.214275
235,8,0.000059,0.000055,7.214275
235,9,0.000031,0.000029,7.214275
235,10,0.000000,0.000000,0.000000
236,0,0.000000,0.000000,0.000000
236,1,0.000030,0.000028,7.243834
236,2,0.000057,0.000053,7.243834
236,3,0.000078,0.000073,7.243834
236,4,0.000092,0.000085,7.243834
236,5,0.000097,0.000090,7.243834
236,6,0.000092,0.000085,7.243834
236,7,0.000078,0.000073,7.243834
236,8,0.000057,0.000053,7.243834
236,9,0.000030,0.000028,7.243834
236,10,0.000000,0.000000,0.000000
237,0,0.000000,0.000000,0.000000
237,1,0.000029,0.000027,7.273384
237,2,0.000055,0.000051,7.273384
237,3,0.000075,0.000070,7.273384
237,4,0.000089,0.000082,7.273384
237,5,0.000093,0.000086,7.273384
237,6,0.000089,0.000082,7.273384
237,7,0.000075,0.000070,7.273384
237,8,0.000055,0.000051,7.273384
237,9,0.000029,0.000027,7.273384
237,10,0.000000,0.000000,0.000000
238,0,0.000000,0.000000,0.000000
238,1,0.000028,0.000026,7.302924
238,2,0.000053,0.000049,7.302924
238,3,0.000072,0.000067,7.302924
238,4,0.000085,0.000079,7.302924
238,5,0.000090,0.000083,7.302924
238,6,0.000085,0.000079,7.302924
238,7,0.000072,0.000067,7.302924
238,8,0.000053,0.000049,7.302924
238,9,0.000028,0.000026,7.302924
238,10,0.000000,0.000000,0.000000
239,0,0.000000,0.000000,0.000000
239,1,0.000027,0.000025,7.332456
239,2,0.000051,0.000047,7.332456
239,3,0.000070,0.000065,7.332456
239,4,0.000082,0.000076,7.332456
239,5,0.000086,0.000080,7.332456
239,6,0.000082,0.000076,7.332456
239,7,0.000070,0.000065,7.332456
239,8,0.000051,0.000047,7.332456
239,9,0.000027,0.000025,7.332456
239,10,0.000000,0.000000,0.000000
240,0,0.000000,0.000000,0.000000
240,1,0.000026,0.000024,7.361977
240,2,0.000049,0.000045,7.361977
240,3,0.000067,0.000062,7.361977
240,4,0.000079,0.000073,7.361977
240,5,0.000083,0.000077,7.361977
240,6,0.000079,0.000073,7.361977
240,7,0.000067,0.000062,7.361977
240,8,0.000049,0.000045,7.361977
240,9,0.000026,0.000024,7.361977
240,10,0.000000,0.000000,0.000000
241,0,0.000000,0.000000,0.000000
241,1,0.000025,0.000023,7.391490
241,2,0.000047,0.000043,7.391490
241,3,0.000064,0.000060,7.391490
241,4,0.000076,0.000070,7.391490
241,5,0.000080,0.000074,7.391490
241,6,0.000076,0.000070,7.391490
241,7,0.000064,0.000060,7.391490
241,8,0.000047,0.000043,7.391490
241,9,0.000025,0.000023,7.391490
241,10,0.000000,0.000000,0.000000
242,0,0.000000,0.000000,0.000000
242,1,0.000024,0.000022,7.420992
242,2,0.000045,0.000042,7.420992
242,3,0.000062,0.000057,7.420992
242,4,0.000073,0.000067,7.420992
242,5,0.000077,0.000071,7.420992
242,6,0.000073,0.000067,7.420992
242,7,0.000062,0.000057,7.420992
242,8,0.000045,0.000042,7.420992
242,9,0.000024,0.000022,7.420992
242,10,0.000000,0.000000,0.000000
243,0,0.000000,0.000000,0.000000
243,1,0.000023,0.000021,7.450486
243,2,0.000043,0.000040,7.450486
243,3,0.000060,0.000055,7.450486
243,4,0.000070,0.000065,7.450486
243,5,0.000074,0.000068,7.450486
243,6,0.000070,0.000065,7.450486
243,7,0.000060,0.000055,7.450486
243,8,0.000043,0.000040,7.450486
243,9,0.000023,0.000021,7.450486
243,10,0.000000,0.000000,0.000000
244,0,0.000000,0.000000,0.000000
244,1,0.000022,0.000020,7.479970
244,2,0.000042,0.000039,7.479970
244,3,0.000057,0.000053,7.479970
244,4,0.000067,0.000062,7.479970
244,5,0.000071,0.000066,7.479970
244,6,0.000067,0.000062,7.479970
244,7,0.000057,0.000053,7.479970
244,8,0.000042,0.000039,7.479970
244,9,0.000022,0.000020,7.479970
244,10,0.000000,0.000000,0.000000
245,0,0.000000,0.000000,0.000000
245,1,0.000021,0.000019,7.509445
245,2,0.000040,0.000037,7.509445
245,3,0.000055,0.000051,7.509445
245,4,0.000065,0.000060,7.509445
245,5,0.000068,0.000063,7.509445
245,6,0.000065,0.000060,7.509445
245,7,0.000055,0.000051,7.509445
245,8,0.000040,0.000037,7.509445
245,9,0.000021,0.000019,7.509445
245,10,0.000000,0.000000,0.000000
246,0,0.000000,0.000000,0.000000
246,1,0.000020,0.000019,7.538910
246,2,0.000039,0.000036,7.538910
246,3,0.000053,0.000049,7.538910
246,4,0.000062,0.000058,7.538910
246,5,0.000066,0.000061,7.538910
246,6,0.000062,0.000058,7.538910
246,7,0.000053,0.000049,7.538910
246,8,0.000039,0.000036,7.538910
246,9,0.000020,0.000019,7.538910
246,10,0.000000,0.000000,0.000000
247,0,0.000000,0.000000,0.000000
247,1,0.000019,0.000018,7.568366
247,2,0.000037,0.000034,7.568366
247,3,0.000051,0.000047,7.568366
247,4,0.000060,0.000055,7.568366
247,5,0.000063,0.000058,7.568366
247,6,0.000060,0.000055,7.568366
247,7,0.000051,0.000047,7.568366
247,8,0.000037,0.000034,7.568366
247,9,0.000019,0.000018,7.568366
247,10,0.000000,0.000000,0.000000
248,0,0.000000,0.000000,0.000000
248,1,0.000019,0.000017,7.597812
248,2,0.000036,0.000033,7.597812
248,3,0.000049,0.000045,7.597812
248,4,0.000058,0.000053,7.597812
248,5,0.000061,0.000056,7.597812
248,6,0.000058,0.000053,7.597812
248,7,0.000049,0.000045,7.597812
248,8,0.000036,0.000033,7.597812
248,9,0.000019,0.000017,7.597812
248,10,0.000000,0.000000,0.000000
249,0,0.000000,0.000000,0.000000
249,1,0.000018,0.000017,7.627250
249,2,0.000034,0.000032,7.627250
249,3,0.000047,0.000044,7.627250
249,4,0.000055,0.000051,7.627250
249,5,0.000058,0.000054,7.627250
249,6,0.000055,0.000051,7.627250
249,7,0.000047,0.000044,7.627250
249,8,0.000034,0.000032,7.627250
249,9,0.000018,0.000017,7.627250
249,10,0.000000,0.000000,0.000000
250,0,0.000000,0.000000,0.000000
250,1,0.000017,0.000016,7.656677
250,2,0.000033,0.000030,7.656677
250,3,0.000045,0.000042,7.656677
250,4,0.000053,0.000049,7.656677
250,5,0.000056,0.000052,7.656677
250,6,0.000053,0.000049,7.656677
250,7,0.000045,0.000042,7.656677
250,8,0.000033,0.000030,7.656677
250,9,0.000017,0.000016,7.656677
250,10,0.000000,0.000000,0.000000
251,0,0.000000,0.000000,0.000000
251,1,0.000017,0.000015,7.686096
251,2,0.000032,0.000029,7.686096
251,3,0.000044,0.000040,7.686096
251,4,0.000051,0.000047,7.686096
251,5,0.000054,0.000050,7.686096
251,6,0.000051,0.000047,7.686096
251,7,0.000044,0.000040,7.686096
251,8,0.000032,0.000029,7.686096
251,9,0.000017,0.000015,7.686096
251,10,0.000000,0.000000,0.000000
252,0,0.000000,0.000000,0.000000
252,1,0.000016,0.000015,7.715505
252,2,0.000030,0.000028,7.715505
252,3,0.000042,0.000039,7.715505
252,4,0.000049,0.000045,7.715505
252,5,0.000052,0.000048,7.715505
252,6,0.000049,0.000045,7.715505
252,7,0.000042,0.000039,7.715505
252,8,0.000030,0.000028,7.715505
252,9,0.000016,0.000015,7.715505
252,10,0.000000,0.000000,0.000000
253,0,0.000000,0.000000,0.000000
253,1,0.000015,0.000014,7.744904
253,2,0.000029,0.000027,7.744904
253,3,0.000040,0.000037,7.744904
253,4,0.000047,0.000044,7.744904
253,5,0.000050,0.000046,7.744904
253,6,0.000047,0.000044,7.744904
253,7,0.000040,0.000037,7.744904
253,8,0.000029,0.000027,7.744904
253,9,0.000015,0.000014,7.744904
253,10,0.000000,0.000000,0.000000
254,0,0.000000,0.000000,0.000000
254,1,0.000015,0.000014,7.774295
254,2,0.000028,0.000026,7.774295
254,3,0.000039,0.000036,7.774295
254,4,0.000046,0.000042,7.774295
254,5,0.000048,0.000044,7.774295
254,6,0.000046,0.000042,7.774295
254,7,0.000039,0.000036,7.774295
254,8,0.000028,0.000026,7.774295
254,9,0.000015,0.000014,7.774295
254,10,0.000000,0.000000,0.000000
